{"assets":{"A351BC0A79F66B7F374E8C1D65DC485E":{"type":"texture","index":1,"assetRequest":{"type":"slide","state":"contents","slide":"none"},"url":{"native":"assets/0F477A7F-CB5D-4DAF-8910-6ED223308986.pdf"},"width":1920,"height":1080},"894CA2DF3CDCF7AC8AE4C87E5572AA2D":{"type":"texture","index":0,"assetRequest":{"type":"slide","state":"contents","slide":"none"},"url":{"native":"assets/0F477A7F-CB5D-4DAF-8910-6ED223308986.pdf"},"width":1920,"height":1080}},"events":[{"effects":[{"beginTime":0,"baseLayer":{"animations":[],"initialState":{"affineTransform":[1,0,0,1,0,0],"masksToBounds":false,"rotation":0,"scale":1,"position":{"pointX":960,"pointY":540},"width":1920,"sublayerTransform":[1,0,0,0,0,1,0,0,0,0,1,0,0,0,0,1],"contentsRect":{"y":0,"x":0,"width":1,"height":1},"opacity":1,"edgeAntialiasingMask":251658240,"height":1080,"hidden":false,"anchorPoint":{"pointX":0.5,"pointY":0.5}},"objectID":"0","layers":[{"animations":[],"initialState":{"affineTransform":[1,0,0,1,0,0],"masksToBounds":false,"rotation":0,"scale":1,"position":{"pointX":960,"pointY":540},"width":1920,"sublayerTransform":[1,0,0,0,0,1,0,0,0,0,1,-0.0003500791246677598,0,0,0,1],"contentsRect":{"y":0,"x":0,"width":1,"height":1},"opacity":1,"edgeAntialiasingMask":251658240,"height":1080,"hidden":false,"anchorPoint":{"pointX":0.5,"pointY":0.5}},"layers":[{"animations":[],"layers":[],"texturedRectangle":{"isBackgroundTexture":false,"singleTextureOpacity":1,"textureType":0,"textBaseline":0,"textXHeight":0,"isVerticalText":false},"initialState":{"affineTransform":[1,0,0,1,0,0],"masksToBounds":false,"rotation":0,"scale":1,"position":{"pointX":960,"pointY":540},"width":1920,"sublayerTransform":[1,0,0,0,0,1,0,0,0,0,1,0,0,0,0,1],"contentsRect":{"y":0,"x":0,"width":1,"height":1},"opacity":1,"edgeAntialiasingMask":0,"height":1080,"hidden":false,"anchorPoint":{"pointX":0.5,"pointY":0.5}},"texture":"A351BC0A79F66B7F374E8C1D65DC485E"},{"animations":[{"timeOffset":0,"from":{"scalar":false},"beginTime":0,"repeatCount":0,"fillMode":"both","property":"hidden","autoreverses":false,"duration":0.01,"to":{"scalar":true}}],"layers":[],"texturedRectangle":{"isBackgroundTexture":false,"singleTextureOpacity":1,"textureType":0,"textBaseline":0,"textXHeight":0,"isVerticalText":false},"initialState":{"affineTransform":[1,0,0,1,0,0],"masksToBounds":false,"rotation":0,"scale":1,"position":{"pointX":960,"pointY":540},"width":1920,"sublayerTransform":[1,0,0,0,0,1,0,0,0,0,1,0,0,0,0,1],"contentsRect":{"y":0,"x":0,"width":1,"height":1},"opacity":1,"edgeAntialiasingMask":0,"height":1080,"hidden":false,"anchorPoint":{"pointX":0.5,"pointY":0.5}},"texture":"894CA2DF3CDCF7AC8AE4C87E5572AA2D"}]}]},"effects":[],"duration":0.01,"type":"transition","name":"none","objectID":"0"}],"automaticPlay":false,"hyperlinks":[],"accessibility":[{"text":"CHOOSE A DATE","targetRectangle":{"y":215.3344421386719,"x":741.9854736328125,"width":147.7,"height":24}},{"text":"SUGGESTION","targetRectangle":{"y":466.8811950683594,"x":741.9854736328125,"width":120.6800000000001,"height":24}},{"text":"UPDATE REGIMEN","targetRectangle":{"y":932.3970336914062,"x":873.7539207464457,"width":174.3300003755093,"height":22}},{"text":"Optimize for Date","targetRectangle":{"y":119.9589920043945,"x":854.5995709228516,"width":235.1399999999999,"height":36}},{"text":"pasted-image.pdf","targetRectangle":{"y":979.5711669921875,"x":625.4781646728516,"width":597.75,"height":87.88682846724987}},{"text":"pasted-image.pdf","targetRectangle":{"y":81.82647368311882,"x":652.4980662874877,"width":61.13253580033779,"height":896.1971978545189}},{"text":"Based on your current schedule, you're predicted to feel severely fatigued (with a fatigue level of 4) and nauseous throughout the day. You may also experience constipation.","targetRectangle":{"y":332.9411315917969,"x":742.2603759765625,"width":420.912,"height":60}},{"text":"06 / 29 / 2017","targetRectangle":{"y":271.4216003417969,"x":753.6468505859375,"width":99.76499999999999,"height":18}},{"text":"To minimize the side effects on June 29, 2017, you will need to adjust your current schedule:","targetRectangle":{"y":510.0382385253906,"x":742.2603759765625,"width":435.8880000000001,"height":40}},{"text":"You currently have an infusion scheduled for May 3, 2017.","targetRectangle":{"y":570.0382385253906,"x":742.2603759765625,"width":413.104,"height":20}},{"text":"Moving your infusion to May 2, 2017 will yield minimal side effects with a fatigue level of 0.","targetRectangle":{"y":610.0382385253906,"x":742.2603759765625,"width":426.144,"height":40}}],"baseLayer":{"animations":[],"initialState":{"affineTransform":[1,0,0,1,0,0],"masksToBounds":false,"rotation":0,"scale":1,"position":{"pointX":960,"pointY":540},"width":1920,"sublayerTransform":[1,0,0,0,0,1,0,0,0,0,1,0,0,0,0,1],"contentsRect":{"y":0,"x":0,"width":1,"height":1},"opacity":1,"edgeAntialiasingMask":251658240,"height":1080,"hidden":false,"anchorPoint":{"pointX":0.5,"pointY":0.5}},"objectID":"0","layers":[{"animations":[],"initialState":{"affineTransform":[1,0,0,1,0,0],"masksToBounds":false,"rotation":0,"scale":1,"position":{"pointX":960,"pointY":540},"width":1920,"sublayerTransform":[1,0,0,0,0,1,0,0,0,0,1,-0.0003500791246677598,0,0,0,1],"contentsRect":{"y":0,"x":0,"width":1,"height":1},"opacity":1,"edgeAntialiasingMask":251658240,"height":1080,"hidden":false,"anchorPoint":{"pointX":0.5,"pointY":0.5}},"layers":[{"animations":[],"layers":[],"texturedRectangle":{"isBackgroundTexture":false,"singleTextureOpacity":1,"textureType":0,"textBaseline":0,"textXHeight":0,"isVerticalText":false},"initialState":{"affineTransform":[1,0,0,1,0,0],"masksToBounds":false,"rotation":0,"scale":1,"position":{"pointX":960,"pointY":540},"width":1920,"sublayerTransform":[1,0,0,0,0,1,0,0,0,0,1,0,0,0,0,1],"contentsRect":{"y":0,"x":0,"width":1,"height":1},"opacity":1,"edgeAntialiasingMask":0,"height":1080,"hidden":false,"anchorPoint":{"pointX":0.5,"pointY":0.5}},"texture":"894CA2DF3CDCF7AC8AE4C87E5572AA2D"}]}]}}]}