{"assets":{"37464E5F26AACC3195A23B73AE61DF76":{"type":"texture","index":4,"assetRequest":{"type":"slide","state":"contents","slide":"none"},"url":{"native":"assets/BBF0AC25-C6AC-4733-B017-8F9D39364490.pdf"},"width":363,"height":257},"1011069C30B6C897C1AAFA9832BE9C1F":{"type":"texture","index":6,"assetRequest":{"type":"slide","state":"contents","slide":"none"},"url":{"native":"assets/BBF0AC25-C6AC-4733-B017-8F9D39364490.pdf"},"width":133,"height":17},"C25C25FF361FB24FC35F6B120D2F252D":{"type":"texture","index":0,"assetRequest":{"type":"slide","state":"contents","slide":"none"},"url":{"native":"assets/BBF0AC25-C6AC-4733-B017-8F9D39364490.pdf"},"width":1920,"height":1080},"F508368D6478B18C7AA9926F86EDD5A2":{"type":"texture","index":18,"assetRequest":{"type":"slide","state":"contents","slide":"none"},"url":{"native":"assets/BBF0AC25-C6AC-4733-B017-8F9D39364490.pdf"},"width":1996,"height":1553},"FC03400F0C66729E8D8E1A7223752EC5":{"type":"texture","index":19,"assetRequest":{"type":"slide","state":"contents","slide":"none"},"url":{"native":"assets/BBF0AC25-C6AC-4733-B017-8F9D39364490.pdf"},"width":1920,"height":1080},"81C6CD8589AD2ACD92B2509C831F41E3":{"type":"texture","index":17,"assetRequest":{"type":"slide","state":"contents","slide":"none"},"url":{"native":"assets/BBF0AC25-C6AC-4733-B017-8F9D39364490.pdf"},"width":12,"height":12},"C3B1ACA516970DB3F64AC2B88D866E93":{"type":"texture","index":12,"assetRequest":{"type":"slide","state":"contents","slide":"none"},"url":{"native":"assets/BBF0AC25-C6AC-4733-B017-8F9D39364490.pdf"},"width":12,"height":12},"06855AD43AAA01E6546E7A039E6F2A1F":{"type":"texture","index":13,"assetRequest":{"type":"slide","state":"contents","slide":"none"},"url":{"native":"assets/BBF0AC25-C6AC-4733-B017-8F9D39364490.pdf"},"width":244,"height":215},"FE494B52482AE3B329ED29FF50CF190C":{"type":"texture","index":16,"assetRequest":{"type":"slide","state":"contents","slide":"none"},"url":{"native":"assets/BBF0AC25-C6AC-4733-B017-8F9D39364490.pdf"},"width":426,"height":309},"719309C111914AE6F7566FCC1DFFFE8A":{"type":"texture","index":7,"assetRequest":{"type":"slide","state":"contents","slide":"none"},"url":{"native":"assets/BBF0AC25-C6AC-4733-B017-8F9D39364490.pdf"},"width":435,"height":128},"0B0974BE5770E16E6AC7F6F97BF4866B":{"type":"texture","index":20,"assetRequest":{"type":"slide","state":"contents","slide":"none"},"url":{"native":"assets/BBF0AC25-C6AC-4733-B017-8F9D39364490.pdf"},"width":1920,"height":1080},"FAF6157F977BEC9FC13CB211C147E541":{"type":"texture","index":8,"assetRequest":{"type":"slide","state":"contents","slide":"none"},"url":{"native":"assets/BBF0AC25-C6AC-4733-B017-8F9D39364490.pdf"},"width":211,"height":102},"160AA01FBE51955F6A26691F497DC735":{"type":"texture","index":11,"assetRequest":{"type":"slide","state":"contents","slide":"none"},"url":{"native":"assets/BBF0AC25-C6AC-4733-B017-8F9D39364490.pdf"},"width":12,"height":12},"608E87E48DF73C6480F2F34D9C3AF40F":{"type":"texture","index":9,"assetRequest":{"type":"slide","state":"contents","slide":"none"},"url":{"native":"assets/BBF0AC25-C6AC-4733-B017-8F9D39364490.pdf"},"width":13,"height":12},"E8108C6FFEDFAFCA802AAB1755777F55":{"type":"texture","index":1,"assetRequest":{"type":"slide","state":"contents","slide":"none"},"url":{"native":"assets/BBF0AC25-C6AC-4733-B017-8F9D39364490.pdf"},"width":1973,"height":1136},"AFB0DD6DFD8B6DE87057931817E6D485":{"type":"texture","index":15,"assetRequest":{"type":"slide","state":"contents","slide":"none"},"url":{"native":"assets/BBF0AC25-C6AC-4733-B017-8F9D39364490.pdf"},"width":12,"height":12},"ADCFEBF1D3B6E437AB2DA1D0FC51202B":{"type":"texture","index":2,"assetRequest":{"type":"slide","state":"contents","slide":"none"},"url":{"native":"assets/BBF0AC25-C6AC-4733-B017-8F9D39364490.pdf"},"width":620,"height":1004},"593BDF85414FD1E5F0B20FF701CEC3C5":{"type":"texture","index":10,"assetRequest":{"type":"slide","state":"contents","slide":"none"},"url":{"native":"assets/BBF0AC25-C6AC-4733-B017-8F9D39364490.pdf"},"width":12,"height":12},"5DA4B67B297C5D67C140E59FAA2B2FA7":{"type":"texture","index":3,"assetRequest":{"type":"slide","state":"contents","slide":"none"},"url":{"native":"assets/BBF0AC25-C6AC-4733-B017-8F9D39364490.pdf"},"width":212,"height":211},"BA8C3DFEF190BF7F1D086DAA7A538894":{"type":"texture","index":5,"assetRequest":{"type":"slide","state":"contents","slide":"none"},"url":{"native":"assets/BBF0AC25-C6AC-4733-B017-8F9D39364490.pdf"},"width":532,"height":128},"0F854FEB2433EA853DC65CE4F79472DF":{"type":"texture","index":14,"assetRequest":{"type":"slide","state":"contents","slide":"none"},"url":{"native":"assets/BBF0AC25-C6AC-4733-B017-8F9D39364490.pdf"},"width":246,"height":205}},"events":[{"effects":[{"beginTime":0,"baseLayer":{"animations":[],"initialState":{"affineTransform":[1,0,0,1,0,0],"masksToBounds":false,"rotation":0,"scale":1,"position":{"pointX":944.9980134814978,"pointY":857.1546296924353},"width":9.227960556745529,"sublayerTransform":[1,0,0,0,0,1,0,0,0,0,1,0,0,0,0,1],"contentsRect":{"y":0,"x":0,"width":1,"height":1},"opacity":1,"edgeAntialiasingMask":251658240,"height":9.227960556745529,"hidden":false,"anchorPoint":{"pointX":0.5,"pointY":0.5}},"objectID":"D401657B-48CC-42F1-A21C-95EB83292F40","layers":[{"animations":[],"initialState":{"affineTransform":[1,0,0,1,0,0],"masksToBounds":false,"rotation":0,"scale":1,"position":{"pointX":19.615966796875,"pointY":-312.5406494140625},"width":9.227960556745529,"sublayerTransform":[1,0,0,0,0,1,0,0,0,0,1,-0.0003500791246677598,0,0,0,1],"contentsRect":{"y":0,"x":0,"width":1,"height":1},"opacity":1,"edgeAntialiasingMask":251658240,"height":9.227960556745529,"hidden":false,"anchorPoint":{"pointX":2.125709865820348,"pointY":-33.86887573826906}},"layers":[{"animations":[{"timeOffset":0,"beginTime":1e-100,"repeatCount":0,"animations":[{"timeOffset":0,"from":{"scalar":1},"beginTime":0,"repeatCount":0,"fillMode":"both","duration":0.1,"autoreverses":false,"timingFunction":"EaseInEaseOut","property":"opacity","to":{"scalar":0}}],"fillMode":"both","autoreverses":false,"duration":0.1}],"layers":[],"texturedRectangle":{"singleTextureOpacity":1,"textXHeight":0,"shapePath":{"lineWidth":1,"flatness":0.6,"lineCapStyle":0,"elements":[{"type":"MoveToPoint","points":[[9.260590223762392,2.892052950170637]]},{"type":"AddCurve","points":[[11.06246160523983,4.693924331648077],[11.06246160523983,7.615335053222452],[9.260590223762392,9.417206434699892]]},{"type":"AddCurve","points":[[7.458718842284952,11.21907781617733],[4.537308120710577,11.21907781617733],[2.735436739233137,9.417206434699892]]},{"type":"AddCurve","points":[[0.9335653577556968,7.615335053222452],[0.9335653577556968,4.693924331648077],[2.735436739233137,2.892052950170637]]},{"type":"AddCurve","points":[[4.537308120710577,1.090181568693197],[7.458718842284952,1.090181568693197],[9.260590223762392,2.892052950170637]]},{"type":"CloseSubpath"},{"type":"MoveToPoint","points":[[9.260590223762392,2.892052950170637]]}],"windingRule":0,"lineJoinStyle":0,"miterLimit":10},"isBackgroundTexture":true,"textBaseline":0,"isVerticalText":false,"textureType":5},"initialState":{"affineTransform":[1,0,0,1,0,0],"masksToBounds":false,"rotation":0,"scale":1,"position":{"pointX":4.615966796875,"pointY":4.4593505859375},"width":12,"sublayerTransform":[1,0,0,0,0,1,0,0,0,0,1,0,0,0,0,1],"contentsRect":{"y":0,"x":0,"width":1,"height":1},"opacity":1,"edgeAntialiasingMask":0,"height":12,"hidden":false,"anchorPoint":{"pointX":0.5,"pointY":0.5}},"texture":"81C6CD8589AD2ACD92B2509C831F41E3"}]}]},"effects":[],"duration":0.1,"type":"buildOut","attributes":{"direction":12},"name":"apple:wipe","objectID":"D401657B-48CC-42F1-A21C-95EB83292F40"},{"beginTime":0,"baseLayer":{"animations":[],"initialState":{"affineTransform":[1,0,0,1,0,0],"masksToBounds":false,"rotation":0,"scale":1,"position":{"pointX":959.9999847412109,"pointY":436.2345733642578},"width":348.0190124511719,"sublayerTransform":[1,0,0,0,0,1,0,0,0,0,1,0,0,0,0,1],"contentsRect":{"y":0,"x":0,"width":1,"height":1},"opacity":1,"edgeAntialiasingMask":251658240,"height":305.5568542480469,"hidden":false,"anchorPoint":{"pointX":0.5,"pointY":0.5}},"objectID":"3D62CF92-5D9B-4882-A87A-85A5A24A19CF","layers":[{"animations":[],"initialState":{"affineTransform":[1,0,0,1,0,0],"masksToBounds":false,"rotation":0,"scale":1,"position":{"pointX":174.009521484375,"pointY":256.5438537597656},"width":348.0190124511719,"sublayerTransform":[1,0,0,0,0,1,0,0,0,0,1,-0.0003500791246677598,0,0,0,1],"contentsRect":{"y":0,"x":0,"width":1,"height":1},"opacity":1,"edgeAntialiasingMask":251658240,"height":305.5568542480469,"hidden":false,"anchorPoint":{"pointX":0.5000000438446996,"pointY":0.8395944983499105}},"layers":[{"animations":[{"timeOffset":0,"beginTime":1e-100,"repeatCount":0,"animations":[{"repeatCount":0,"timingControlPoint2y":0.5003676414489746,"from":{"pointX":174.009521484375,"pointY":153.0438537597656},"timingFunction":"custom","timeOffset":0,"autoreverses":false,"timingControlPoint1x":0.3983353972434998,"fillMode":"both","property":"position","duration":0.5,"beginTime":0,"timingControlPoint2x":0.5904344320297241,"timingControlPoint1y":0,"to":{"pointX":-1039.98095703125,"pointY":153.0438537597656}}],"fillMode":"both","autoreverses":false,"duration":0.5}],"layers":[],"texturedRectangle":{"isBackgroundTexture":true,"singleTextureOpacity":1,"textureType":5,"textBaseline":0,"textXHeight":0,"isVerticalText":false},"initialState":{"affineTransform":[1,0,0,1,0,0],"masksToBounds":false,"rotation":0,"scale":1,"position":{"pointX":174.009521484375,"pointY":153.0438537597656},"width":426,"sublayerTransform":[1,0,0,0,0,1,0,0,0,0,1,0,0,0,0,1],"contentsRect":{"y":0,"x":0,"width":1,"height":1},"opacity":1,"edgeAntialiasingMask":0,"height":309,"hidden":false,"anchorPoint":{"pointX":0.5,"pointY":0.5}},"texture":"FE494B52482AE3B329ED29FF50CF190C"}]}]},"effects":[{"beginTime":0,"baseLayer":{"animations":[],"initialState":{"affineTransform":[1,0,0,1,0,0],"masksToBounds":false,"rotation":0,"scale":1,"position":{"pointX":1430.392776489258,"pointY":679.3892517089844},"width":360.7855529785156,"sublayerTransform":[1,0,0,0,0,1,0,0,0,0,1,0,0,0,0,1],"contentsRect":{"y":0,"x":0,"width":1,"height":1},"opacity":1,"edgeAntialiasingMask":251658240,"height":254.7622680664062,"hidden":false,"anchorPoint":{"pointX":0.5,"pointY":0.5}},"objectID":"33FB6888-7BFD-4A03-A7A2-F631D8931C86","layers":[{"animations":[{"timeOffset":0,"beginTime":1e-100,"repeatCount":0,"fillMode":"both","duration":0.5,"autoreverses":false,"timingFunction":"EaseInEaseOut","property":"position","path":[{"type":"MoveToPoint","points":[[180.3927764892578,127.3811340332031]]},{"type":"AddLine","points":[[176.7209014892578,127.3811340332031]]},{"type":"AddLine","points":[[173.0490264892578,127.3811340332031]]},{"type":"AddLine","points":[[169.3771514892578,127.3811340332031]]},{"type":"AddLine","points":[[165.7052764892578,127.3811340332031]]},{"type":"AddLine","points":[[162.0334014892578,127.3811340332031]]},{"type":"AddLine","points":[[158.3615264892578,127.3811340332031]]},{"type":"AddLine","points":[[154.6896514892578,127.3811340332031]]},{"type":"AddLine","points":[[151.0177764892578,127.3811340332031]]},{"type":"AddLine","points":[[147.3459014892578,127.3811340332031]]},{"type":"AddLine","points":[[143.6740264892578,127.3811340332031]]},{"type":"AddLine","points":[[140.0021514892578,127.3811340332031]]},{"type":"AddLine","points":[[136.3302764892578,127.3811340332031]]},{"type":"AddLine","points":[[132.6584014892578,127.3811340332031]]},{"type":"AddLine","points":[[128.9865264892578,127.3811340332031]]},{"type":"AddLine","points":[[125.3146514892578,127.3811340332031]]},{"type":"AddLine","points":[[121.6427764892578,127.3811340332031]]},{"type":"AddLine","points":[[117.9709014892578,127.3811340332031]]},{"type":"AddLine","points":[[114.2990264892578,127.3811340332031]]},{"type":"AddLine","points":[[110.6271514892578,127.3811340332031]]},{"type":"AddLine","points":[[106.9552764892578,127.3811340332031]]},{"type":"AddLine","points":[[103.2834014892578,127.3811340332031]]},{"type":"AddLine","points":[[99.61152648925781,127.3811340332031]]},{"type":"AddLine","points":[[95.93965148925781,127.3811340332031]]},{"type":"AddLine","points":[[92.26777648925781,127.3811340332031]]},{"type":"AddLine","points":[[88.59590148925781,127.3811340332031]]},{"type":"AddLine","points":[[84.92402648925781,127.3811340332031]]},{"type":"AddLine","points":[[81.25215148925781,127.3811340332031]]},{"type":"AddLine","points":[[77.58027648925781,127.3811340332031]]},{"type":"AddLine","points":[[73.90840148925781,127.3811340332031]]},{"type":"AddLine","points":[[70.23652648925781,127.3811340332031]]},{"type":"AddLine","points":[[66.56465148925781,127.3811340332031]]},{"type":"AddLine","points":[[62.89277648925781,127.3811340332031]]},{"type":"AddLine","points":[[59.22090148925781,127.3811340332031]]},{"type":"AddLine","points":[[55.54902648925781,127.3811340332031]]},{"type":"AddLine","points":[[51.87715148925781,127.3811340332031]]},{"type":"AddLine","points":[[48.20527648925781,127.3811340332031]]},{"type":"AddLine","points":[[44.53340148925781,127.3811340332031]]},{"type":"AddLine","points":[[40.86152648925781,127.3811340332031]]},{"type":"AddLine","points":[[37.18965148925781,127.3811340332031]]},{"type":"AddLine","points":[[33.51777648925781,127.3811340332031]]},{"type":"AddLine","points":[[29.84590148925781,127.3811340332031]]},{"type":"AddLine","points":[[26.17402648925781,127.3811340332031]]},{"type":"AddLine","points":[[22.50215148925781,127.3811340332031]]},{"type":"AddLine","points":[[18.83027648925781,127.3811340332031]]},{"type":"AddLine","points":[[15.15840148925781,127.3811340332031]]},{"type":"AddLine","points":[[11.48652648925781,127.3811340332031]]},{"type":"AddLine","points":[[7.814651489257812,127.3811340332031]]},{"type":"AddLine","points":[[4.142776489257812,127.3811340332031]]},{"type":"AddLine","points":[[0.4709014892578125,127.3811340332031]]},{"type":"AddLine","points":[[-3.200973510742188,127.3811340332031]]},{"type":"AddLine","points":[[-6.872848510742188,127.3811340332031]]},{"type":"AddLine","points":[[-10.54472351074219,127.3811340332031]]},{"type":"AddLine","points":[[-14.21659851074219,127.3811340332031]]},{"type":"AddLine","points":[[-17.88847351074219,127.3811340332031]]},{"type":"AddLine","points":[[-21.56034851074219,127.3811340332031]]},{"type":"AddLine","points":[[-25.23222351074219,127.3811340332031]]},{"type":"AddLine","points":[[-28.90409851074219,127.3811340332031]]},{"type":"AddLine","points":[[-32.57597351074219,127.3811340332031]]},{"type":"AddLine","points":[[-36.24784851074219,127.3811340332031]]},{"type":"AddLine","points":[[-39.91972351074219,127.3811340332031]]},{"type":"AddLine","points":[[-43.59159851074219,127.3811340332031]]},{"type":"AddLine","points":[[-47.26347351074219,127.3811340332031]]},{"type":"AddLine","points":[[-50.93534851074219,127.3811340332031]]},{"type":"AddLine","points":[[-54.60722351074219,127.3811340332031]]},{"type":"AddLine","points":[[-58.27909851074219,127.3811340332031]]},{"type":"AddLine","points":[[-61.95097351074219,127.3811340332031]]},{"type":"AddLine","points":[[-65.62284851074219,127.3811340332031]]},{"type":"AddLine","points":[[-69.29472351074219,127.3811340332031]]},{"type":"AddLine","points":[[-72.96659851074219,127.3811340332031]]},{"type":"AddLine","points":[[-76.63847351074219,127.3811340332031]]},{"type":"AddLine","points":[[-80.31034851074219,127.3811340332031]]},{"type":"AddLine","points":[[-83.98222351074219,127.3811340332031]]},{"type":"AddLine","points":[[-87.65409851074219,127.3811340332031]]},{"type":"AddLine","points":[[-91.32597351074219,127.3811340332031]]},{"type":"AddLine","points":[[-94.99784851074219,127.3811340332031]]},{"type":"AddLine","points":[[-98.66972351074219,127.3811340332031]]},{"type":"AddLine","points":[[-102.3415985107422,127.3811340332031]]},{"type":"AddLine","points":[[-106.0134735107422,127.3811340332031]]},{"type":"AddLine","points":[[-109.6853485107422,127.3811340332031]]},{"type":"AddLine","points":[[-113.3572235107422,127.3811340332031]]},{"type":"AddLine","points":[[-117.0290985107422,127.3811340332031]]},{"type":"AddLine","points":[[-120.7009735107422,127.3811340332031]]},{"type":"AddLine","points":[[-124.3728485107422,127.3811340332031]]},{"type":"AddLine","points":[[-128.0447235107422,127.3811340332031]]},{"type":"AddLine","points":[[-131.7165985107422,127.3811340332031]]},{"type":"AddLine","points":[[-135.3884735107422,127.3811340332031]]},{"type":"AddLine","points":[[-139.0603485107422,127.3811340332031]]},{"type":"AddLine","points":[[-142.7322235107422,127.3811340332031]]},{"type":"AddLine","points":[[-146.4040985107422,127.3811340332031]]},{"type":"AddLine","points":[[-150.0759735107422,127.3811340332031]]},{"type":"AddLine","points":[[-153.7478485107422,127.3811340332031]]},{"type":"AddLine","points":[[-157.4197235107422,127.3811340332031]]},{"type":"AddLine","points":[[-161.0915985107422,127.3811340332031]]},{"type":"AddLine","points":[[-164.7634735107422,127.3811340332031]]},{"type":"AddLine","points":[[-168.4353485107422,127.3811340332031]]},{"type":"AddLine","points":[[-172.1072235107422,127.3811340332031]]},{"type":"AddLine","points":[[-175.7790985107422,127.3811340332031]]},{"type":"AddLine","points":[[-179.4509735107422,127.3811340332031]]},{"type":"AddLine","points":[[-183.1228485107422,127.3811340332031]]},{"type":"AddLine","points":[[-186.7947235107422,127.3811340332031]]},{"type":"AddLine","points":[[-190.4665985107422,127.3811340332031]]},{"type":"AddLine","points":[[-194.1384735107422,127.3811340332031]]},{"type":"AddLine","points":[[-197.8103485107422,127.3811340332031]]},{"type":"AddLine","points":[[-201.4822235107422,127.3811340332031]]},{"type":"AddLine","points":[[-205.1540985107422,127.3811340332031]]},{"type":"AddLine","points":[[-208.8259735107422,127.3811340332031]]},{"type":"AddLine","points":[[-212.4978485107422,127.3811340332031]]},{"type":"AddLine","points":[[-216.1697235107422,127.3811340332031]]},{"type":"AddLine","points":[[-219.8415985107422,127.3811340332031]]},{"type":"AddLine","points":[[-223.5134735107422,127.3811340332031]]},{"type":"AddLine","points":[[-227.1853485107422,127.3811340332031]]},{"type":"AddLine","points":[[-230.8572235107422,127.3811340332031]]},{"type":"AddLine","points":[[-234.5290985107422,127.3811340332031]]},{"type":"AddLine","points":[[-238.2009735107422,127.3811340332031]]},{"type":"AddLine","points":[[-241.8728485107422,127.3811340332031]]},{"type":"AddLine","points":[[-245.5447235107422,127.3811340332031]]},{"type":"AddLine","points":[[-249.2165985107422,127.3811340332031]]},{"type":"AddLine","points":[[-252.8884735107422,127.3811340332031]]},{"type":"AddLine","points":[[-256.5603485107422,127.3811340332031]]},{"type":"AddLine","points":[[-260.2322235107422,127.3811340332031]]},{"type":"AddLine","points":[[-263.9040985107422,127.3811340332031]]},{"type":"AddLine","points":[[-267.5759735107422,127.3811340332031]]},{"type":"AddLine","points":[[-271.2478485107422,127.3811340332031]]},{"type":"AddLine","points":[[-274.9197235107422,127.3811340332031]]},{"type":"AddLine","points":[[-278.5915985107422,127.3811340332031]]},{"type":"AddLine","points":[[-282.2634735107422,127.3811340332031]]},{"type":"AddLine","points":[[-285.9353485107422,127.3811340332031]]},{"type":"AddLine","points":[[-289.6072235107422,127.3811340332031]]}]}],"layers":[],"texturedRectangle":{"isBackgroundTexture":true,"singleTextureOpacity":1,"textureType":5,"textBaseline":0,"textXHeight":0,"isVerticalText":false},"initialState":{"affineTransform":[1,0,0,1,0,0],"masksToBounds":false,"rotation":0,"scale":1,"position":{"pointX":180.3927764892578,"pointY":127.3811340332031},"width":363,"sublayerTransform":[1,0,0,0,0,1,0,0,0,0,1,0,0,0,0,1],"contentsRect":{"y":0,"x":0,"width":1,"height":1},"opacity":1,"edgeAntialiasingMask":0,"height":257,"hidden":false,"anchorPoint":{"pointX":0.4997046184277075,"pointY":0.4995690727976046}},"texture":"37464E5F26AACC3195A23B73AE61DF76"}]},"effects":[],"duration":0.5,"type":"actionBuild","name":"apple:action-motion-path","objectID":"33FB6888-7BFD-4A03-A7A2-F631D8931C86"},{"beginTime":0,"baseLayer":{"animations":[],"initialState":{"affineTransform":[1,0,0,1,0,0],"masksToBounds":false,"rotation":0,"scale":1,"position":{"pointX":960.0000143051147,"pointY":387.7173299789429},"width":208.522367477417,"sublayerTransform":[1,0,0,0,0,1,0,0,0,0,1,0,0,0,0,1],"contentsRect":{"y":0,"x":0,"width":1,"height":1},"opacity":1,"edgeAntialiasingMask":251658240,"height":208.522367477417,"hidden":false,"anchorPoint":{"pointX":0.5,"pointY":0.5}},"objectID":"2098951D-2AC3-44BB-A205-01137BBC7F4D","layers":[{"animations":[],"initialState":{"affineTransform":[1,0,0,1,0,0],"masksToBounds":false,"rotation":0,"scale":1,"position":{"pointX":104.2611694335938,"pointY":256.5438537597656},"width":208.522367477417,"sublayerTransform":[1,0,0,0,0,1,0,0,0,0,1,-0.0003500791246677598,0,0,0,1],"contentsRect":{"y":0,"x":0,"width":1,"height":1},"opacity":1,"edgeAntialiasingMask":251658240,"height":208.522367477417,"hidden":false,"anchorPoint":{"pointX":0.4999999313976965,"pointY":1.230294173537759}},"layers":[{"animations":[{"timeOffset":0,"beginTime":1e-100,"repeatCount":0,"animations":[{"timeOffset":0,"from":{"scalar":0},"beginTime":0,"repeatCount":0,"fillMode":"both","duration":0.5,"autoreverses":false,"timingFunction":"EaseInEaseOut","property":"opacity","to":{"scalar":1}},{"timeOffset":0,"timingFunctions":[{"timingFunction":"EaseIn"},{"timingFunction":"custom","timingControlPoint1y":0,"timingControlPoint2x":0.5762442350387573,"timingControlPoint1x":0,"timingControlPoint2y":1},{"timingFunction":"custom","timingControlPoint1y":0.1000000014901161,"timingControlPoint2x":1,"timingControlPoint1x":0.25,"timingControlPoint2y":1}],"beginTime":0,"values":[{"scalar":0.001},{"scalar":1.125},{"scalar":0.952},{"scalar":0.9999999999999999}],"repeatCount":0,"fillMode":"removed","property":"transform.scale.xy","autoreverses":false,"duration":0.5,"keyTimes":[0,0.75,0.9,1]},{"timeOffset":0,"from":{"scalar":0},"beginTime":0.0001,"repeatCount":0,"fillMode":"forwards","property":"hidden","autoreverses":false,"duration":0.4999,"to":{"scalar":0}}],"fillMode":"both","autoreverses":false,"duration":0.5}],"layers":[],"texturedRectangle":{"singleTextureOpacity":1,"textXHeight":0,"shapePath":{"lineWidth":1,"flatness":0.6,"lineCapStyle":0,"elements":[{"type":"MoveToPoint","points":[[179.7238043224534,31.99353996160426]]},{"type":"AddCurve","points":[[220.4403292842799,72.71006492343076],[220.4403292842799,138.724595034455],[179.7238043224534,179.4411199962815]]},{"type":"AddCurve","points":[[139.0072793606269,220.157644958108],[72.99274924960264,220.157644958108],[32.27622428777613,179.4411199962815]]},{"type":"AddCurve","points":[[-8.440300674050377,138.724595034455],[-8.440300674050377,72.71006492343076],[32.27622428777613,31.99353996160426]]},{"type":"AddCurve","points":[[72.99274924960264,-8.722985000222252],[139.0072793606269,-8.722985000222252],[179.7238043224534,31.99353996160426]]},{"type":"CloseSubpath"},{"type":"MoveToPoint","points":[[179.7238043224534,31.99353996160426]]}],"windingRule":0,"lineJoinStyle":0,"miterLimit":10},"isBackgroundTexture":true,"textBaseline":0,"isVerticalText":false,"textureType":5},"initialState":{"affineTransform":[1,0,0,1,0,0],"masksToBounds":false,"rotation":0,"scale":1,"position":{"pointX":104.2611694335938,"pointY":104.0438537597656},"width":212,"sublayerTransform":[1,0,0,0,0,1,0,0,0,0,1,0,0,0,0,1],"contentsRect":{"y":0,"x":0,"width":1,"height":1},"opacity":1,"edgeAntialiasingMask":0,"height":211,"hidden":true,"anchorPoint":{"pointX":0.5,"pointY":0.5}},"texture":"5DA4B67B297C5D67C140E59FAA2B2FA7"}]}]},"effects":[],"duration":0.5,"type":"buildIn","name":"apple:bc-pop","objectID":"2098951D-2AC3-44BB-A205-01137BBC7F4D"},{"beginTime":0,"baseLayer":{"animations":[],"initialState":{"affineTransform":[1,0,0,1,0,0],"masksToBounds":false,"rotation":0,"scale":1,"position":{"pointX":965.305534362793,"pointY":394.7458343505859},"width":243.3038177490234,"sublayerTransform":[1,0,0,0,0,1,0,0,0,0,1,0,0,0,0,1],"contentsRect":{"y":0,"x":0,"width":1,"height":1},"opacity":1,"edgeAntialiasingMask":251658240,"height":213.5832824707031,"hidden":false,"anchorPoint":{"pointX":0.5,"pointY":0.5}},"objectID":"8C3D6096-BDD1-4B54-8219-BE6ADC71A9DF","layers":[{"animations":[],"initialState":{"affineTransform":[1,0,0,1,0,0],"masksToBounds":false,"rotation":0,"scale":1,"position":{"pointX":116.3463745117188,"pointY":252.0458068847656},"width":243.3038177490234,"sublayerTransform":[1,0,0,0,0,1,0,0,0,0,1,-0.0003500791246677598,0,0,0,1],"contentsRect":{"y":0,"x":0,"width":1,"height":1},"opacity":1,"edgeAntialiasingMask":251658240,"height":213.5832824707031,"hidden":false,"anchorPoint":{"pointX":0.4781937890992495,"pointY":1.180082092423775}},"layers":[{"animations":[{"timeOffset":0,"beginTime":1e-100,"repeatCount":0,"animations":[{"timeOffset":0,"from":{"scalar":0},"beginTime":0,"repeatCount":0,"fillMode":"both","duration":0.75,"autoreverses":false,"timingFunction":"EaseInEaseOut","property":"opacity","to":{"scalar":1}},{"timeOffset":0,"timingFunctions":[{"timingFunction":"EaseIn"},{"timingFunction":"custom","timingControlPoint1y":0,"timingControlPoint2x":0.5762442350387573,"timingControlPoint1x":0,"timingControlPoint2y":1},{"timingFunction":"custom","timingControlPoint1y":0.1000000014901161,"timingControlPoint2x":1,"timingControlPoint1x":0.25,"timingControlPoint2y":1}],"beginTime":0,"values":[{"scalar":0.001},{"scalar":1.125},{"scalar":0.952},{"scalar":0.9999999999999999}],"repeatCount":0,"fillMode":"removed","property":"transform.scale.xy","autoreverses":false,"duration":0.75,"keyTimes":[0,0.43,0.667,1]},{"timeOffset":0,"from":{"scalar":0},"beginTime":0.0001,"repeatCount":0,"fillMode":"forwards","property":"hidden","autoreverses":false,"duration":0.7499,"to":{"scalar":0}}],"fillMode":"both","autoreverses":false,"duration":0.75}],"layers":[],"texturedRectangle":{"isBackgroundTexture":true,"singleTextureOpacity":1,"textureType":5,"textBaseline":0,"textXHeight":0,"isVerticalText":false},"initialState":{"affineTransform":[1,0,0,1,0,0],"masksToBounds":false,"rotation":0,"scale":1,"position":{"pointX":121.3463745117188,"pointY":106.5458068847656},"width":244,"sublayerTransform":[1,0,0,0,0,1,0,0,0,0,1,0,0,0,0,1],"contentsRect":{"y":0,"x":0,"width":1,"height":1},"opacity":1,"edgeAntialiasingMask":0,"height":215,"hidden":true,"anchorPoint":{"pointX":0.5,"pointY":0.5}},"texture":"06855AD43AAA01E6546E7A039E6F2A1F"}]}]},"effects":[],"duration":0.75,"type":"buildIn","name":"apple:pop","objectID":"8C3D6096-BDD1-4B54-8219-BE6ADC71A9DF"},{"beginTime":0.5,"baseLayer":{"animations":[],"initialState":{"affineTransform":[1,0,0,1,0,0],"masksToBounds":false,"rotation":0,"scale":1,"position":{"pointX":965.305534362793,"pointY":374.5746002197266},"width":243.3038177490234,"sublayerTransform":[1,0,0,0,0,1,0,0,0,0,1,0,0,0,0,1],"contentsRect":{"y":0,"x":0,"width":1,"height":1},"opacity":1,"edgeAntialiasingMask":251658240,"height":201.3548889160156,"hidden":false,"anchorPoint":{"pointX":0.5,"pointY":0.5}},"objectID":"1B9C11DE-FB4C-48E6-9D8B-CD64CCFD84C9","layers":[{"animations":[],"initialState":{"affineTransform":[1,0,0,1,0,0],"masksToBounds":false,"rotation":0,"scale":1,"position":{"pointX":116.3463745117188,"pointY":266.1028442382812},"width":243.3038177490234,"sublayerTransform":[1,0,0,0,0,1,0,0,0,0,1,-0.0003500791246677598,0,0,0,1],"contentsRect":{"y":0,"x":0,"width":1,"height":1},"opacity":1,"edgeAntialiasingMask":251658240,"height":201.3548889160156,"hidden":false,"anchorPoint":{"pointX":0.4781937890992495,"pointY":1.32156137688453}},"layers":[{"animations":[{"timeOffset":0,"beginTime":0.5,"repeatCount":0,"animations":[{"timeOffset":0,"timingFunctions":[{"timingFunction":"custom","timingControlPoint1y":0.09829729050397873,"timingControlPoint2x":0.8997974395751953,"timingControlPoint1x":0.3006462454795837,"timingControlPoint2y":0.5973872542381287},{"timingFunction":"custom","timingControlPoint1y":0.873240053653717,"timingControlPoint2x":0.7058159708976746,"timingControlPoint1x":0.4557388126850128,"timingControlPoint2y":1},{"timingFunction":"custom","timingControlPoint1y":0.09829729050397873,"timingControlPoint2x":0.8997974395751953,"timingControlPoint1x":0.3006462454795837,"timingControlPoint2y":0.5973872542381287}],"beginTime":0,"values":[{"scalar":-477},{"scalar":0},{"scalar":-77.81888770362241},{"scalar":0}],"repeatCount":0,"fillMode":"removed","property":"transform.translation.y","autoreverses":false,"duration":0.5,"keyTimes":[0,0.3333333333333333,0.6666666666666665,1]},{"timeOffset":0,"from":{"scalar":false},"beginTime":0.0001,"repeatCount":0,"fillMode":"forwards","property":"hidden","autoreverses":false,"duration":0.4999,"to":{"scalar":false}}],"fillMode":"both","autoreverses":false,"duration":0.5}],"layers":[],"texturedRectangle":{"isBackgroundTexture":true,"singleTextureOpacity":1,"textureType":5,"textBaseline":0,"textXHeight":0,"isVerticalText":false},"initialState":{"affineTransform":[1,0,0,1,0,0],"masksToBounds":false,"rotation":0,"scale":1,"position":{"pointX":121.3463745117188,"pointY":100.6028442382812},"width":246,"sublayerTransform":[1,0,0,0,0,1,0,0,0,0,1,0,0,0,0,1],"contentsRect":{"y":0,"x":0,"width":1,"height":1},"opacity":1,"edgeAntialiasingMask":0,"height":205,"hidden":true,"anchorPoint":{"pointX":0.5,"pointY":0.5}},"texture":"0F854FEB2433EA853DC65CE4F79472DF"}]}]},"effects":[],"duration":0.5,"type":"buildIn","name":"apple:dropbuild","objectID":"1B9C11DE-FB4C-48E6-9D8B-CD64CCFD84C9"},{"beginTime":0.5,"baseLayer":{"animations":[],"initialState":{"affineTransform":[1,0,0,1,0,0],"masksToBounds":false,"rotation":0,"scale":1,"position":{"pointX":965.3055696338415,"pointY":857.1546296924353},"width":9.227960556745529,"sublayerTransform":[1,0,0,0,0,1,0,0,0,0,1,0,0,0,0,1],"contentsRect":{"y":0,"x":0,"width":1,"height":1},"opacity":1,"edgeAntialiasingMask":251658240,"height":9.227960556745529,"hidden":false,"anchorPoint":{"pointX":0.5,"pointY":0.5}},"objectID":"1CC91FF0-F3BE-42A2-AE97-F8F50698FEB2","layers":[{"animations":[],"initialState":{"affineTransform":[1,0,0,1,0,0],"masksToBounds":false,"rotation":0,"scale":1,"position":{"pointX":-0.69158935546875,"pointY":-312.5406494140625},"width":9.227960556745529,"sublayerTransform":[1,0,0,0,0,1,0,0,0,0,1,-0.0003500791246677598,0,0,0,1],"contentsRect":{"y":0,"x":0,"width":1,"height":1},"opacity":1,"edgeAntialiasingMask":251658240,"height":9.227960556745529,"hidden":false,"anchorPoint":{"pointX":-0.07494498391231272,"pointY":-33.86887573826906}},"layers":[{"animations":[{"timeOffset":0,"beginTime":0.5,"repeatCount":0,"animations":[{"timeOffset":0,"from":{"scalar":0},"beginTime":0,"repeatCount":0,"fillMode":"both","duration":0.1,"autoreverses":false,"timingFunction":"EaseInEaseOut","property":"opacity","to":{"scalar":1}},{"timeOffset":0,"from":{"scalar":false},"beginTime":0,"repeatCount":0,"fillMode":"forwards","property":"hidden","autoreverses":false,"duration":0.1,"to":{"scalar":false}}],"fillMode":"both","autoreverses":false,"duration":0.1}],"layers":[],"texturedRectangle":{"singleTextureOpacity":1,"textXHeight":0,"shapePath":{"lineWidth":1,"flatness":0.6,"lineCapStyle":0,"elements":[{"type":"MoveToPoint","points":[[9.568146376106142,2.892052950170637]]},{"type":"AddCurve","points":[[11.37001775758358,4.693924331648077],[11.37001775758358,7.615335053222452],[9.568146376106142,9.417206434699892]]},{"type":"AddCurve","points":[[7.766274994628702,11.21907781617733],[4.844864273054327,11.21907781617733],[3.042992891576887,9.417206434699892]]},{"type":"AddCurve","points":[[1.241121510099447,7.615335053222452],[1.241121510099447,4.693924331648077],[3.042992891576887,2.892052950170637]]},{"type":"AddCurve","points":[[4.844864273054327,1.090181568693197],[7.766274994628702,1.090181568693197],[9.568146376106142,2.892052950170637]]},{"type":"CloseSubpath"},{"type":"MoveToPoint","points":[[9.568146376106142,2.892052950170637]]}],"windingRule":0,"lineJoinStyle":0,"miterLimit":10},"isBackgroundTexture":true,"textBaseline":0,"isVerticalText":false,"textureType":5},"initialState":{"affineTransform":[1,0,0,1,0,0],"masksToBounds":false,"rotation":0,"scale":1,"position":{"pointX":4.30841064453125,"pointY":4.4593505859375},"width":12,"sublayerTransform":[1,0,0,0,0,1,0,0,0,0,1,0,0,0,0,1],"contentsRect":{"y":0,"x":0,"width":1,"height":1},"opacity":1,"edgeAntialiasingMask":0,"height":12,"hidden":true,"anchorPoint":{"pointX":0.5,"pointY":0.5}},"texture":"AFB0DD6DFD8B6DE87057931817E6D485"}]}]},"effects":[],"duration":0.1,"type":"buildIn","attributes":{"direction":12},"name":"apple:wipe","objectID":"1CC91FF0-F3BE-42A2-AE97-F8F50698FEB2"}],"duration":0.5,"type":"buildOut","name":"apple:move in","objectID":"3D62CF92-5D9B-4882-A87A-85A5A24A19CF"}],"automaticPlay":false,"hyperlinks":[],"accessibility":[{"text":"Track and monitor your side effects wherever, whenever","targetRectangle":{"y":644.0322265625,"x":1286.032776489258,"width":293.0399999999997,"height":52.8000020980835}},{"text":"pasted-image.pdf","targetRectangle":{"y":81.82647368311882,"x":652.4980662874877,"width":61.13253580033779,"height":896.1971978545189}},{"text":"INFUSION","targetRectangle":{"y":401.7120513916016,"x":788.6249847412109,"width":342.75,"height":90}},{"text":"pasted-image.pdf","targetRectangle":{"y":979.5711669921875,"x":625.4781646728516,"width":597.75,"height":87.88682846724987}},{"text":"STAY ON TOP OF YOUR CHEMO REGIMEN","targetRectangle":{"y":556.0081176757812,"x":1298.073760942876,"width":274.3180006556511,"height":54}},{"text":"GET STARTED","targetRectangle":{"y":932.6624755859375,"x":894.4629360454678,"width":132.9120002950431,"height":22}},{"text":"pasted-image.pdf","targetRectangle":{"y":287.9541931152344,"x":843.6536254882812,"width":243.3038177490234,"height":201.3548889160156}},{"text":"pasted-image.pdf","targetRectangle":{"y":300.1825866699219,"x":843.6536254882812,"width":243.3038177490234,"height":201.3548889160156}}],"baseLayer":{"animations":[],"initialState":{"affineTransform":[1,0,0,1,0,0],"masksToBounds":false,"rotation":0,"scale":1,"position":{"pointX":960,"pointY":540},"width":1920,"sublayerTransform":[1,0,0,0,0,1,0,0,0,0,1,0,0,0,0,1],"contentsRect":{"y":0,"x":0,"width":1,"height":1},"opacity":1,"edgeAntialiasingMask":251658240,"height":1080,"hidden":false,"anchorPoint":{"pointX":0.5,"pointY":0.5}},"layers":[{"animations":[],"initialState":{"affineTransform":[1,0,0,1,0,0],"masksToBounds":false,"rotation":0,"scale":1,"position":{"pointX":960,"pointY":540},"width":1920,"sublayerTransform":[1,0,0,0,0,1,0,0,0,0,1,0,0,0,0,1],"contentsRect":{"y":0,"x":0,"width":1,"height":1},"opacity":1,"edgeAntialiasingMask":251658240,"height":1080,"hidden":false,"anchorPoint":{"pointX":0.5,"pointY":0.5}},"layers":[{"animations":[],"initialState":{"affineTransform":[1,0,0,1,0,0],"masksToBounds":false,"rotation":0,"scale":1,"position":{"pointX":960,"pointY":540},"width":1920,"sublayerTransform":[1,0,0,0,0,1,0,0,0,0,1,0,0,0,0,1],"contentsRect":{"y":0,"x":0,"width":1,"height":1},"opacity":1,"edgeAntialiasingMask":251658240,"height":1080,"hidden":false,"anchorPoint":{"pointX":0.5,"pointY":0.5}},"layers":[{"animations":[],"layers":[],"texturedRectangle":{"isBackgroundTexture":true,"singleTextureOpacity":1,"textureType":1,"textBaseline":0,"textXHeight":0,"isVerticalText":false},"initialState":{"affineTransform":[1,0,0,1,0,0],"masksToBounds":false,"rotation":0,"scale":1,"position":{"pointX":960,"pointY":540},"width":1920,"sublayerTransform":[1,0,0,0,0,1,0,0,0,0,1,0,0,0,0,1],"contentsRect":{"y":0,"x":0,"width":1,"height":1},"opacity":1,"edgeAntialiasingMask":0,"height":1080,"hidden":false,"anchorPoint":{"pointX":0.5,"pointY":0.5}},"texture":"C25C25FF361FB24FC35F6B120D2F252D"}]}]},{"animations":[],"initialState":{"affineTransform":[1,0,0,1,0,0],"masksToBounds":false,"rotation":0,"scale":1,"position":{"pointX":960,"pointY":540},"width":1920,"sublayerTransform":[1,0,0,0,0,1,0,0,0,0,1,0,0,0,0,1],"contentsRect":{"y":0,"x":0,"width":1,"height":1},"opacity":1,"edgeAntialiasingMask":251658240,"height":1080,"hidden":false,"anchorPoint":{"pointX":0.5,"pointY":0.5}},"layers":[{"animations":[],"initialState":{"affineTransform":[1,0,0,1,0,0],"masksToBounds":false,"rotation":0,"scale":1,"position":{"pointX":957.6562747955322,"pointY":540.0000476837158},"width":1970.038604736328,"sublayerTransform":[1,0,0,0,0,1,0,0,0,0,1,0,0,0,0,1],"contentsRect":{"y":0,"x":0,"width":1,"height":1},"opacity":1,"edgeAntialiasingMask":251658240,"height":1132.538223266602,"hidden":false,"anchorPoint":{"pointX":0.5,"pointY":0.5}},"objectID":"930F740E-415C-4983-8450-FC8C0B67DE8B","layers":[{"animations":[],"layers":[],"texturedRectangle":{"singleTextureOpacity":1,"textXHeight":0,"shapePath":{"lineWidth":1,"flatness":0.6,"lineCapStyle":0,"elements":[{"type":"MoveToPoint","points":[[1.636972427368164,1.730936050415039]]},{"type":"AddLine","points":[[1971.675577163696,1.730936050415039]]},{"type":"AddLine","points":[[1971.675577163696,1134.269159317017]]},{"type":"AddLine","points":[[1.636972427368164,1134.269159317017]]},{"type":"CloseSubpath"},{"type":"MoveToPoint","points":[[1.636972427368164,1.730936050415039]]}],"windingRule":0,"lineJoinStyle":0,"miterLimit":10},"isBackgroundTexture":true,"textBaseline":0,"isVerticalText":false,"textureType":5},"initialState":{"affineTransform":[1,0,0,1,0,0],"masksToBounds":false,"rotation":0,"scale":1,"position":{"pointX":984.8630275726318,"pointY":566.269063949585},"width":1973,"sublayerTransform":[1,0,0,0,0,1,0,0,0,0,1,0,0,0,0,1],"contentsRect":{"y":0,"x":0,"width":1,"height":1},"opacity":1,"edgeAntialiasingMask":0,"height":1136,"hidden":false,"anchorPoint":{"pointX":0.5,"pointY":0.5}},"texture":"E8108C6FFEDFAFCA802AAB1755777F55"}]}]},{"animations":[],"initialState":{"affineTransform":[1,0,0,1,0,0],"masksToBounds":false,"rotation":0,"scale":1,"position":{"pointX":960,"pointY":540},"width":1920,"sublayerTransform":[1,0,0,0,0,1,0,0,0,0,1,0,0,0,0,1],"contentsRect":{"y":0,"x":0,"width":1,"height":1},"opacity":1,"edgeAntialiasingMask":251658240,"height":1080,"hidden":false,"anchorPoint":{"pointX":0.5,"pointY":0.5}},"layers":[{"animations":[],"initialState":{"affineTransform":[1,0,0,1,0,0],"masksToBounds":false,"rotation":0,"scale":1,"position":{"pointX":959.9999895095825,"pointY":540.0000019073486},"width":494.6165561676025,"sublayerTransform":[1,0,0,0,0,1,0,0,0,0,1,0,0,0,0,1],"contentsRect":{"y":0,"x":0,"width":1,"height":1},"opacity":1,"edgeAntialiasingMask":251658240,"height":879.3183326721191,"hidden":false,"anchorPoint":{"pointX":0.5,"pointY":0.5}},"objectID":"A583B5E4-12E7-4616-8940-7DA9D2FD8BD9","layers":[{"animations":[],"layers":[],"texturedRectangle":{"singleTextureOpacity":1,"textXHeight":0,"shapePath":{"lineWidth":1,"flatness":0.6,"lineCapStyle":0,"elements":[{"type":"MoveToPoint","points":[[62.69171142578125,62.34083557128906]]},{"type":"AddLine","points":[[557.3082675933838,62.34083557128906]]},{"type":"AddLine","points":[[557.3082675933838,941.6591682434082]]},{"type":"AddLine","points":[[62.69171142578125,941.6591682434082]]},{"type":"CloseSubpath"},{"type":"MoveToPoint","points":[[62.69171142578125,62.34083557128906]]}],"windingRule":0,"lineJoinStyle":0,"miterLimit":10},"isBackgroundTexture":true,"textBaseline":0,"isVerticalText":false,"textureType":5},"initialState":{"affineTransform":[1,0,0,1,0,0],"masksToBounds":false,"rotation":0,"scale":1,"position":{"pointX":247.3082885742188,"pointY":439.6591644287109},"width":620,"sublayerTransform":[1,0,0,0,0,1,0,0,0,0,1,0,0,0,0,1],"contentsRect":{"y":0,"x":0,"width":1,"height":1},"opacity":1,"edgeAntialiasingMask":0,"height":1004,"hidden":false,"anchorPoint":{"pointX":0.5,"pointY":0.5}},"texture":"ADCFEBF1D3B6E437AB2DA1D0FC51202B"}]}]},{"animations":[],"initialState":{"affineTransform":[1,0,0,1,0,0],"masksToBounds":false,"rotation":0,"scale":1,"position":{"pointX":960,"pointY":540},"width":1920,"sublayerTransform":[1,0,0,0,0,1,0,0,0,0,1,0,0,0,0,1],"contentsRect":{"y":0,"x":0,"width":1,"height":1},"opacity":1,"edgeAntialiasingMask":251658240,"height":1080,"hidden":false,"anchorPoint":{"pointX":0.5,"pointY":0.5}},"layers":[{"animations":[],"initialState":{"affineTransform":[1,0,0,1,0,0],"masksToBounds":false,"rotation":0,"scale":1,"position":{"pointX":960.0000143051147,"pointY":387.7173299789429},"width":208.522367477417,"sublayerTransform":[1,0,0,0,0,1,0,0,0,0,1,0,0,0,0,1],"contentsRect":{"y":0,"x":0,"width":1,"height":1},"opacity":1,"edgeAntialiasingMask":251658240,"height":208.522367477417,"hidden":false,"anchorPoint":{"pointX":0.5,"pointY":0.5}},"objectID":"2098951D-2AC3-44BB-A205-01137BBC7F4D","layers":[{"animations":[],"layers":[],"texturedRectangle":{"singleTextureOpacity":1,"textXHeight":0,"shapePath":{"lineWidth":1,"flatness":0.6,"lineCapStyle":0,"elements":[{"type":"MoveToPoint","points":[[179.7238043224534,31.99353996160426]]},{"type":"AddCurve","points":[[220.4403292842799,72.71006492343076],[220.4403292842799,138.724595034455],[179.7238043224534,179.4411199962815]]},{"type":"AddCurve","points":[[139.0072793606269,220.157644958108],[72.99274924960264,220.157644958108],[32.27622428777613,179.4411199962815]]},{"type":"AddCurve","points":[[-8.440300674050377,138.724595034455],[-8.440300674050377,72.71006492343076],[32.27622428777613,31.99353996160426]]},{"type":"AddCurve","points":[[72.99274924960264,-8.722985000222252],[139.0072793606269,-8.722985000222252],[179.7238043224534,31.99353996160426]]},{"type":"CloseSubpath"},{"type":"MoveToPoint","points":[[179.7238043224534,31.99353996160426]]}],"windingRule":0,"lineJoinStyle":0,"miterLimit":10},"isBackgroundTexture":true,"textBaseline":0,"isVerticalText":false,"textureType":5},"initialState":{"affineTransform":[1,0,0,1,0,0],"masksToBounds":false,"rotation":0,"scale":1,"position":{"pointX":104.2611694335938,"pointY":104.0438537597656},"width":212,"sublayerTransform":[1,0,0,0,0,1,0,0,0,0,1,0,0,0,0,1],"contentsRect":{"y":0,"x":0,"width":1,"height":1},"opacity":1,"edgeAntialiasingMask":0,"height":211,"hidden":true,"anchorPoint":{"pointX":0.5,"pointY":0.5}},"texture":"5DA4B67B297C5D67C140E59FAA2B2FA7"}]}]},{"animations":[],"initialState":{"affineTransform":[1,0,0,1,0,0],"masksToBounds":false,"rotation":0,"scale":1,"position":{"pointX":960,"pointY":540},"width":1920,"sublayerTransform":[1,0,0,0,0,1,0,0,0,0,1,0,0,0,0,1],"contentsRect":{"y":0,"x":0,"width":1,"height":1},"opacity":1,"edgeAntialiasingMask":251658240,"height":1080,"hidden":false,"anchorPoint":{"pointX":0.5,"pointY":0.5}},"layers":[{"animations":[],"initialState":{"affineTransform":[1,0,0,1,0,0],"masksToBounds":false,"rotation":0,"scale":1,"position":{"pointX":1430.392776489258,"pointY":679.3892517089844},"width":360.7855529785156,"sublayerTransform":[1,0,0,0,0,1,0,0,0,0,1,0,0,0,0,1],"contentsRect":{"y":0,"x":0,"width":1,"height":1},"opacity":1,"edgeAntialiasingMask":251658240,"height":254.7622680664062,"hidden":false,"anchorPoint":{"pointX":0.5,"pointY":0.5}},"objectID":"33FB6888-7BFD-4A03-A7A2-F631D8931C86","layers":[{"animations":[],"layers":[],"texturedRectangle":{"isBackgroundTexture":true,"singleTextureOpacity":1,"textureType":5,"textBaseline":0,"textXHeight":0,"isVerticalText":false},"initialState":{"affineTransform":[1,0,0,1,0,0],"masksToBounds":false,"rotation":0,"scale":1,"position":{"pointX":180.3927764892578,"pointY":127.3811340332031},"width":363,"sublayerTransform":[1,0,0,0,0,1,0,0,0,0,1,0,0,0,0,1],"contentsRect":{"y":0,"x":0,"width":1,"height":1},"opacity":1,"edgeAntialiasingMask":0,"height":257,"hidden":false,"anchorPoint":{"pointX":0.4997046184277075,"pointY":0.4995690727976046}},"texture":"37464E5F26AACC3195A23B73AE61DF76"}]}]},{"animations":[],"initialState":{"affineTransform":[1,0,0,1,0,0],"masksToBounds":false,"rotation":0,"scale":1,"position":{"pointX":960,"pointY":540},"width":1920,"sublayerTransform":[1,0,0,0,0,1,0,0,0,0,1,0,0,0,0,1],"contentsRect":{"y":0,"x":0,"width":1,"height":1},"opacity":1,"edgeAntialiasingMask":251658240,"height":1080,"hidden":false,"anchorPoint":{"pointX":0.5,"pointY":0.5}},"layers":[{"animations":[],"initialState":{"affineTransform":[1,0,0,1,0,0],"masksToBounds":false,"rotation":0,"scale":1,"position":{"pointX":960.0000381469727,"pointY":943.798351764679},"width":493.4650421142578,"sublayerTransform":[1,0,0,0,0,1,0,0,0,0,1,0,0,0,0,1],"contentsRect":{"y":0,"x":0,"width":1,"height":1},"opacity":1,"edgeAntialiasingMask":251658240,"height":72.51894474029541,"hidden":false,"anchorPoint":{"pointX":0.5,"pointY":0.5}},"objectID":"FF83C9D2-7540-4007-9E7D-DA90C44E6FCE","layers":[{"animations":[],"layers":[],"texturedRectangle":{"singleTextureOpacity":1,"textXHeight":0,"shapePath":{"lineWidth":1,"flatness":0.6,"lineCapStyle":0,"elements":[{"type":"MoveToPoint","points":[[19.26751708984375,27.53887939453125]]},{"type":"AddLine","points":[[512.7325592041016,27.53887939453125]]},{"type":"AddLine","points":[[512.7325592041016,100.0578241348267]]},{"type":"AddLine","points":[[19.26751708984375,100.0578241348267]]},{"type":"CloseSubpath"},{"type":"MoveToPoint","points":[[19.26751708984375,27.53887939453125]]}],"windingRule":0,"lineJoinStyle":0,"miterLimit":10},"isBackgroundTexture":true,"textBaseline":0,"isVerticalText":false,"textureType":5},"initialState":{"affineTransform":[1,0,0,1,0,0],"masksToBounds":false,"rotation":0,"scale":1,"position":{"pointX":246.7324829101562,"pointY":36.46112060546875},"width":532,"sublayerTransform":[1,0,0,0,0,1,0,0,0,0,1,0,0,0,0,1],"contentsRect":{"y":0,"x":0,"width":1,"height":1},"opacity":1,"edgeAntialiasingMask":0,"height":128,"hidden":false,"anchorPoint":{"pointX":0.5,"pointY":0.5}},"texture":"BA8C3DFEF190BF7F1D086DAA7A538894"}]}]},{"animations":[],"initialState":{"affineTransform":[1,0,0,1,0,0],"masksToBounds":false,"rotation":0,"scale":1,"position":{"pointX":960,"pointY":540},"width":1920,"sublayerTransform":[1,0,0,0,0,1,0,0,0,0,1,0,0,0,0,1],"contentsRect":{"y":0,"x":0,"width":1,"height":1},"opacity":1,"edgeAntialiasingMask":251658240,"height":1080,"hidden":false,"anchorPoint":{"pointX":0.5,"pointY":0.5}},"layers":[{"animations":[],"initialState":{"affineTransform":[1,0,0,1,0,0],"masksToBounds":false,"rotation":0,"scale":1,"position":{"pointX":960.0189354419708,"pointY":943.7983475327492},"width":193.5814499855042,"sublayerTransform":[1,0,0,0,0,1,0,0,0,0,1,0,0,0,0,1],"contentsRect":{"y":0,"x":0,"width":1,"height":1},"opacity":1,"edgeAntialiasingMask":251658240,"height":34.27174389362335,"hidden":false,"anchorPoint":{"pointX":0.5,"pointY":0.5}},"objectID":"ED540DA0-C2E0-4333-A0DB-ED7F56847C80","layers":[{"animations":[],"layers":[],"texturedRectangle":{"singleTextureOpacity":1,"textXHeight":0.5728235294117647,"textBaseline":0.8695570440853343,"isBackgroundTexture":true,"isVerticalText":false,"textColor":[0.9999966025352478,0.9999999403953552,0.9999999403953552,1],"textureType":6},"initialState":{"affineTransform":[1,0,0,1,0,0],"masksToBounds":false,"rotation":0,"scale":1,"position":{"pointX":97.27178955078125,"pointY":18.8375244140625},"width":133,"sublayerTransform":[1,0,0,0,0,1,0,0,0,0,1,0,0,0,0,1],"contentsRect":{"y":0,"x":0,"width":1,"height":1},"opacity":1,"edgeAntialiasingMask":0,"height":17,"hidden":false,"anchorPoint":{"pointX":0.5,"pointY":0.5}},"texture":"1011069C30B6C897C1AAFA9832BE9C1F"}]}]},{"animations":[],"initialState":{"affineTransform":[1,0,0,1,0,0],"masksToBounds":false,"rotation":0,"scale":1,"position":{"pointX":960,"pointY":540},"width":1920,"sublayerTransform":[1,0,0,0,0,1,0,0,0,0,1,0,0,0,0,1],"contentsRect":{"y":0,"x":0,"width":1,"height":1},"opacity":1,"edgeAntialiasingMask":251658240,"height":1080,"hidden":false,"anchorPoint":{"pointX":0.5,"pointY":0.5}},"layers":[{"animations":[],"initialState":{"affineTransform":[1,0,0,1,0,0],"masksToBounds":false,"rotation":0,"scale":1,"position":{"pointX":984.4869403839111,"pointY":1168.18586397171},"width":396.4150428771973,"sublayerTransform":[1,0,0,0,0,1,0,0,0,0,1,0,0,0,0,1],"contentsRect":{"y":0,"x":0,"width":1,"height":1},"opacity":1,"edgeAntialiasingMask":251658240,"height":72.51894474029541,"hidden":false,"anchorPoint":{"pointX":0.5,"pointY":0.5}},"objectID":"E1BC5E23-07D1-42F6-B3B2-AD907819672B","layers":[{"animations":[],"layers":[],"texturedRectangle":{"singleTextureOpacity":1,"textXHeight":0,"shapePath":{"lineWidth":1,"flatness":0.6,"lineCapStyle":0,"elements":[{"type":"MoveToPoint","points":[[19.2794189453125,27.9263916015625]]},{"type":"AddLine","points":[[415.6944618225098,27.9263916015625]]},{"type":"AddLine","points":[[415.6944618225098,100.4453363418579]]},{"type":"AddLine","points":[[19.2794189453125,100.4453363418579]]},{"type":"CloseSubpath"},{"type":"MoveToPoint","points":[[19.2794189453125,27.9263916015625]]}],"windingRule":0,"lineJoinStyle":0,"miterLimit":10},"isBackgroundTexture":true,"textBaseline":0,"isVerticalText":false,"textureType":5},"initialState":{"affineTransform":[1,0,0,1,0,0],"masksToBounds":false,"rotation":0,"scale":1,"position":{"pointX":198.2205810546875,"pointY":36.0736083984375},"width":435,"sublayerTransform":[1,0,0,0,0,1,0,0,0,0,1,0,0,0,0,1],"contentsRect":{"y":0,"x":0,"width":1,"height":1},"opacity":1,"edgeAntialiasingMask":0,"height":128,"hidden":false,"anchorPoint":{"pointX":0.5,"pointY":0.5}},"texture":"719309C111914AE6F7566FCC1DFFFE8A"}]}]},{"animations":[],"initialState":{"affineTransform":[1,0,0,1,0,0],"masksToBounds":false,"rotation":0,"scale":1,"position":{"pointX":960,"pointY":540},"width":1920,"sublayerTransform":[1,0,0,0,0,1,0,0,0,0,1,0,0,0,0,1],"contentsRect":{"y":0,"x":0,"width":1,"height":1},"opacity":1,"edgeAntialiasingMask":251658240,"height":1080,"hidden":false,"anchorPoint":{"pointX":0.5,"pointY":0.5}},"layers":[{"animations":[],"initialState":{"affineTransform":[1,0,0,1,0,0],"masksToBounds":false,"rotation":0,"scale":1,"position":{"pointX":974.6147544521936,"pointY":-72.76745202211788},"width":208.5223750125472,"sublayerTransform":[1,0,0,0,0,1,0,0,0,0,1,0,0,0,0,1],"contentsRect":{"y":0,"x":0,"width":1,"height":1},"opacity":1,"edgeAntialiasingMask":251658240,"height":98.9879528063589,"hidden":false,"anchorPoint":{"pointX":0.5,"pointY":0.5}},"objectID":"59C5703B-EDD1-4236-B24E-2B68422A9529","layers":[{"animations":[],"layers":[],"texturedRectangle":{"singleTextureOpacity":1,"textXHeight":0,"shapePath":{"lineWidth":1,"flatness":0.6,"lineCapStyle":0,"elements":[{"type":"MoveToPoint","points":[[2.67730712890625,29.4533519744873]]},{"type":"AddCurve","points":[[14.37115859985352,7.511600017547607],[37.15087890625,-1.935738563537598],[57.80773544311523,6.046540021896362]]},{"type":"AddCurve","points":[[94.72976684570312,20.31404876708984],[103.0215530395508,81.30989074707031],[138.2292633056641,95.804931640625]]},{"type":"AddCurve","points":[[166.3869171142578,107.3974533081055],[198.6883850097656,88.47709655761719],[208.4325561523438,54.02298355102539]]}],"windingRule":0,"lineJoinStyle":0,"miterLimit":10},"isBackgroundTexture":true,"textBaseline":0,"isVerticalText":false,"textureType":5},"initialState":{"affineTransform":[1,0,0,1,0,0],"masksToBounds":false,"rotation":0,"scale":1,"position":{"pointX":104.14643305408,"pointY":49.26142842529732},"width":211,"sublayerTransform":[1,0,0,0,0,1,0,0,0,0,1,0,0,0,0,1],"contentsRect":{"y":0,"x":0,"width":1,"height":1},"opacity":1,"edgeAntialiasingMask":0,"height":102,"hidden":false,"anchorPoint":{"pointX":0.5,"pointY":0.5}},"texture":"FAF6157F977BEC9FC13CB211C147E541"}]}]},{"animations":[],"initialState":{"affineTransform":[1,0,0,1,0,0],"masksToBounds":false,"rotation":0,"scale":1,"position":{"pointX":960,"pointY":540},"width":1920,"sublayerTransform":[1,0,0,0,0,1,0,0,0,0,1,0,0,0,0,1],"contentsRect":{"y":0,"x":0,"width":1,"height":1},"opacity":1,"edgeAntialiasingMask":251658240,"height":1080,"hidden":false,"anchorPoint":{"pointX":0.5,"pointY":0.5}},"layers":[{"animations":[],"initialState":{"affineTransform":[1,0,0,1,0,0],"masksToBounds":false,"rotation":0,"scale":1,"position":{"pointX":984.4869661182165,"pointY":857.1546296924353},"width":9.227960556745529,"sublayerTransform":[1,0,0,0,0,1,0,0,0,0,1,0,0,0,0,1],"contentsRect":{"y":0,"x":0,"width":1,"height":1},"opacity":1,"edgeAntialiasingMask":251658240,"height":9.227960556745529,"hidden":false,"anchorPoint":{"pointX":0.5,"pointY":0.5}},"objectID":"D2712C1C-A45E-413D-A68E-04F076C48C1E","layers":[{"animations":[],"layers":[],"texturedRectangle":{"singleTextureOpacity":1,"textXHeight":0,"shapePath":{"lineWidth":1,"flatness":0.6,"lineCapStyle":0,"elements":[{"type":"MoveToPoint","points":[[9.749542860481142,2.892052950170637]]},{"type":"AddCurve","points":[[11.55141424195858,4.693924331648077],[11.55141424195858,7.615335053222452],[9.749542860481142,9.417206434699892]]},{"type":"AddCurve","points":[[7.947671479003702,11.21907781617733],[5.026260757429327,11.21907781617733],[3.224389375951887,9.417206434699892]]},{"type":"AddCurve","points":[[1.422517994474447,7.615335053222452],[1.422517994474447,4.693924331648077],[3.224389375951887,2.892052950170637]]},{"type":"AddCurve","points":[[5.026260757429327,1.090181568693197],[7.947671479003702,1.090181568693197],[9.749542860481142,2.892052950170637]]},{"type":"CloseSubpath"},{"type":"MoveToPoint","points":[[9.749542860481142,2.892052950170637]]}],"windingRule":0,"lineJoinStyle":0,"miterLimit":10},"isBackgroundTexture":true,"textBaseline":0,"isVerticalText":false,"textureType":5},"initialState":{"affineTransform":[1,0,0,1,0,0],"masksToBounds":false,"rotation":0,"scale":1,"position":{"pointX":4.62701416015625,"pointY":4.4593505859375},"width":13,"sublayerTransform":[1,0,0,0,0,1,0,0,0,0,1,0,0,0,0,1],"contentsRect":{"y":0,"x":0,"width":1,"height":1},"opacity":1,"edgeAntialiasingMask":0,"height":12,"hidden":false,"anchorPoint":{"pointX":0.5,"pointY":0.5}},"texture":"608E87E48DF73C6480F2F34D9C3AF40F"}]}]},{"animations":[],"initialState":{"affineTransform":[1,0,0,1,0,0],"masksToBounds":false,"rotation":0,"scale":1,"position":{"pointX":960,"pointY":540},"width":1920,"sublayerTransform":[1,0,0,0,0,1,0,0,0,0,1,0,0,0,0,1],"contentsRect":{"y":0,"x":0,"width":1,"height":1},"opacity":1,"edgeAntialiasingMask":251658240,"height":1080,"hidden":false,"anchorPoint":{"pointX":0.5,"pointY":0.5}},"layers":[{"animations":[],"initialState":{"affineTransform":[1,0,0,1,0,0],"masksToBounds":false,"rotation":0,"scale":1,"position":{"pointX":965.3055696338415,"pointY":857.1546296924353},"width":9.227960556745529,"sublayerTransform":[1,0,0,0,0,1,0,0,0,0,1,0,0,0,0,1],"contentsRect":{"y":0,"x":0,"width":1,"height":1},"opacity":1,"edgeAntialiasingMask":251658240,"height":9.227960556745529,"hidden":false,"anchorPoint":{"pointX":0.5,"pointY":0.5}},"objectID":"FCA33F36-BB2A-4F45-9EEA-64292E7C0721","layers":[{"animations":[],"layers":[],"texturedRectangle":{"singleTextureOpacity":1,"textXHeight":0,"shapePath":{"lineWidth":1,"flatness":0.6,"lineCapStyle":0,"elements":[{"type":"MoveToPoint","points":[[9.568146376106142,2.892052950170637]]},{"type":"AddCurve","points":[[11.37001775758358,4.693924331648077],[11.37001775758358,7.615335053222452],[9.568146376106142,9.417206434699892]]},{"type":"AddCurve","points":[[7.766274994628702,11.21907781617733],[4.844864273054327,11.21907781617733],[3.042992891576887,9.417206434699892]]},{"type":"AddCurve","points":[[1.241121510099447,7.615335053222452],[1.241121510099447,4.693924331648077],[3.042992891576887,2.892052950170637]]},{"type":"AddCurve","points":[[4.844864273054327,1.090181568693197],[7.766274994628702,1.090181568693197],[9.568146376106142,2.892052950170637]]},{"type":"CloseSubpath"},{"type":"MoveToPoint","points":[[9.568146376106142,2.892052950170637]]}],"windingRule":0,"lineJoinStyle":0,"miterLimit":10},"isBackgroundTexture":true,"textBaseline":0,"isVerticalText":false,"textureType":5},"initialState":{"affineTransform":[1,0,0,1,0,0],"masksToBounds":false,"rotation":0,"scale":1,"position":{"pointX":4.30841064453125,"pointY":4.4593505859375},"width":12,"sublayerTransform":[1,0,0,0,0,1,0,0,0,0,1,0,0,0,0,1],"contentsRect":{"y":0,"x":0,"width":1,"height":1},"opacity":1,"edgeAntialiasingMask":0,"height":12,"hidden":false,"anchorPoint":{"pointX":0.5,"pointY":0.5}},"texture":"593BDF85414FD1E5F0B20FF701CEC3C5"}]}]},{"animations":[],"initialState":{"affineTransform":[1,0,0,1,0,0],"masksToBounds":false,"rotation":0,"scale":1,"position":{"pointX":960,"pointY":540},"width":1920,"sublayerTransform":[1,0,0,0,0,1,0,0,0,0,1,0,0,0,0,1],"contentsRect":{"y":0,"x":0,"width":1,"height":1},"opacity":1,"edgeAntialiasingMask":251658240,"height":1080,"hidden":false,"anchorPoint":{"pointX":0.5,"pointY":0.5}},"layers":[{"animations":[],"initialState":{"affineTransform":[1,0,0,1,0,0],"masksToBounds":false,"rotation":0,"scale":1,"position":{"pointX":1004.231411918998,"pointY":857.1546296924353},"width":9.227960556745529,"sublayerTransform":[1,0,0,0,0,1,0,0,0,0,1,0,0,0,0,1],"contentsRect":{"y":0,"x":0,"width":1,"height":1},"opacity":1,"edgeAntialiasingMask":251658240,"height":9.227960556745529,"hidden":false,"anchorPoint":{"pointX":0.5,"pointY":0.5}},"objectID":"84BA3C66-89A5-45CD-B609-EF4CE715D06B","layers":[{"animations":[],"layers":[],"texturedRectangle":{"singleTextureOpacity":1,"textXHeight":0,"shapePath":{"lineWidth":1,"flatness":0.6,"lineCapStyle":0,"elements":[{"type":"MoveToPoint","points":[[9.493988661262392,2.892052950170637]]},{"type":"AddCurve","points":[[11.29586004273983,4.693924331648077],[11.29586004273983,7.615335053222452],[9.493988661262392,9.417206434699892]]},{"type":"AddCurve","points":[[7.692117279784952,11.21907781617733],[4.770706558210577,11.21907781617733],[2.968835176733137,9.417206434699892]]},{"type":"AddCurve","points":[[1.166963795255697,7.615335053222452],[1.166963795255697,4.693924331648077],[2.968835176733137,2.892052950170637]]},{"type":"AddCurve","points":[[4.770706558210577,1.090181568693197],[7.692117279784952,1.090181568693197],[9.493988661262392,2.892052950170637]]},{"type":"CloseSubpath"},{"type":"MoveToPoint","points":[[9.493988661262392,2.892052950170637]]}],"windingRule":0,"lineJoinStyle":0,"miterLimit":10},"isBackgroundTexture":true,"textBaseline":0,"isVerticalText":false,"textureType":5},"initialState":{"affineTransform":[1,0,0,1,0,0],"masksToBounds":false,"rotation":0,"scale":1,"position":{"pointX":4.382568359375,"pointY":4.4593505859375},"width":12,"sublayerTransform":[1,0,0,0,0,1,0,0,0,0,1,0,0,0,0,1],"contentsRect":{"y":0,"x":0,"width":1,"height":1},"opacity":1,"edgeAntialiasingMask":0,"height":12,"hidden":false,"anchorPoint":{"pointX":0.5,"pointY":0.5}},"texture":"160AA01FBE51955F6A26691F497DC735"}]}]},{"animations":[],"initialState":{"affineTransform":[1,0,0,1,0,0],"masksToBounds":false,"rotation":0,"scale":1,"position":{"pointX":960,"pointY":540},"width":1920,"sublayerTransform":[1,0,0,0,0,1,0,0,0,0,1,0,0,0,0,1],"contentsRect":{"y":0,"x":0,"width":1,"height":1},"opacity":1,"edgeAntialiasingMask":251658240,"height":1080,"hidden":false,"anchorPoint":{"pointX":0.5,"pointY":0.5}},"layers":[{"animations":[],"initialState":{"affineTransform":[1,0,0,1,0,0],"masksToBounds":false,"rotation":0,"scale":1,"position":{"pointX":944.9980134814978,"pointY":857.1546296924353},"width":9.227960556745529,"sublayerTransform":[1,0,0,0,0,1,0,0,0,0,1,0,0,0,0,1],"contentsRect":{"y":0,"x":0,"width":1,"height":1},"opacity":1,"edgeAntialiasingMask":251658240,"height":9.227960556745529,"hidden":false,"anchorPoint":{"pointX":0.5,"pointY":0.5}},"objectID":"E2968390-E089-4395-9325-918D0829A5A6","layers":[{"animations":[],"layers":[],"texturedRectangle":{"singleTextureOpacity":1,"textXHeight":0,"shapePath":{"lineWidth":1,"flatness":0.6,"lineCapStyle":0,"elements":[{"type":"MoveToPoint","points":[[9.260590223762392,2.892052950170637]]},{"type":"AddCurve","points":[[11.06246160523983,4.693924331648077],[11.06246160523983,7.615335053222452],[9.260590223762392,9.417206434699892]]},{"type":"AddCurve","points":[[7.458718842284952,11.21907781617733],[4.537308120710577,11.21907781617733],[2.735436739233137,9.417206434699892]]},{"type":"AddCurve","points":[[0.9335653577556968,7.615335053222452],[0.9335653577556968,4.693924331648077],[2.735436739233137,2.892052950170637]]},{"type":"AddCurve","points":[[4.537308120710577,1.090181568693197],[7.458718842284952,1.090181568693197],[9.260590223762392,2.892052950170637]]},{"type":"CloseSubpath"},{"type":"MoveToPoint","points":[[9.260590223762392,2.892052950170637]]}],"windingRule":0,"lineJoinStyle":0,"miterLimit":10},"isBackgroundTexture":true,"textBaseline":0,"isVerticalText":false,"textureType":5},"initialState":{"affineTransform":[1,0,0,1,0,0],"masksToBounds":false,"rotation":0,"scale":1,"position":{"pointX":4.615966796875,"pointY":4.4593505859375},"width":12,"sublayerTransform":[1,0,0,0,0,1,0,0,0,0,1,0,0,0,0,1],"contentsRect":{"y":0,"x":0,"width":1,"height":1},"opacity":1,"edgeAntialiasingMask":0,"height":12,"hidden":false,"anchorPoint":{"pointX":0.5,"pointY":0.5}},"texture":"C3B1ACA516970DB3F64AC2B88D866E93"}]}]},{"animations":[],"initialState":{"affineTransform":[1,0,0,1,0,0],"masksToBounds":false,"rotation":0,"scale":1,"position":{"pointX":960,"pointY":540},"width":1920,"sublayerTransform":[1,0,0,0,0,1,0,0,0,0,1,0,0,0,0,1],"contentsRect":{"y":0,"x":0,"width":1,"height":1},"opacity":1,"edgeAntialiasingMask":251658240,"height":1080,"hidden":false,"anchorPoint":{"pointX":0.5,"pointY":0.5}},"layers":[{"animations":[],"initialState":{"affineTransform":[1,0,0,1,0,0],"masksToBounds":false,"rotation":0,"scale":1,"position":{"pointX":965.305534362793,"pointY":394.7458343505859},"width":243.3038177490234,"sublayerTransform":[1,0,0,0,0,1,0,0,0,0,1,0,0,0,0,1],"contentsRect":{"y":0,"x":0,"width":1,"height":1},"opacity":1,"edgeAntialiasingMask":251658240,"height":213.5832824707031,"hidden":false,"anchorPoint":{"pointX":0.5,"pointY":0.5}},"objectID":"8C3D6096-BDD1-4B54-8219-BE6ADC71A9DF","layers":[{"animations":[],"layers":[],"texturedRectangle":{"isBackgroundTexture":true,"singleTextureOpacity":1,"textureType":5,"textBaseline":0,"textXHeight":0,"isVerticalText":false},"initialState":{"affineTransform":[1,0,0,1,0,0],"masksToBounds":false,"rotation":0,"scale":1,"position":{"pointX":121.3463745117188,"pointY":106.5458068847656},"width":244,"sublayerTransform":[1,0,0,0,0,1,0,0,0,0,1,0,0,0,0,1],"contentsRect":{"y":0,"x":0,"width":1,"height":1},"opacity":1,"edgeAntialiasingMask":0,"height":215,"hidden":true,"anchorPoint":{"pointX":0.5,"pointY":0.5}},"texture":"06855AD43AAA01E6546E7A039E6F2A1F"}]}]},{"animations":[],"initialState":{"affineTransform":[1,0,0,1,0,0],"masksToBounds":false,"rotation":0,"scale":1,"position":{"pointX":960,"pointY":540},"width":1920,"sublayerTransform":[1,0,0,0,0,1,0,0,0,0,1,0,0,0,0,1],"contentsRect":{"y":0,"x":0,"width":1,"height":1},"opacity":1,"edgeAntialiasingMask":251658240,"height":1080,"hidden":false,"anchorPoint":{"pointX":0.5,"pointY":0.5}},"layers":[{"animations":[],"initialState":{"affineTransform":[1,0,0,1,0,0],"masksToBounds":false,"rotation":0,"scale":1,"position":{"pointX":965.305534362793,"pointY":374.5746002197266},"width":243.3038177490234,"sublayerTransform":[1,0,0,0,0,1,0,0,0,0,1,0,0,0,0,1],"contentsRect":{"y":0,"x":0,"width":1,"height":1},"opacity":1,"edgeAntialiasingMask":251658240,"height":201.3548889160156,"hidden":false,"anchorPoint":{"pointX":0.5,"pointY":0.5}},"objectID":"1B9C11DE-FB4C-48E6-9D8B-CD64CCFD84C9","layers":[{"animations":[],"layers":[],"texturedRectangle":{"isBackgroundTexture":true,"singleTextureOpacity":1,"textureType":5,"textBaseline":0,"textXHeight":0,"isVerticalText":false},"initialState":{"affineTransform":[1,0,0,1,0,0],"masksToBounds":false,"rotation":0,"scale":1,"position":{"pointX":121.3463745117188,"pointY":100.6028442382812},"width":246,"sublayerTransform":[1,0,0,0,0,1,0,0,0,0,1,0,0,0,0,1],"contentsRect":{"y":0,"x":0,"width":1,"height":1},"opacity":1,"edgeAntialiasingMask":0,"height":205,"hidden":true,"anchorPoint":{"pointX":0.5,"pointY":0.5}},"texture":"0F854FEB2433EA853DC65CE4F79472DF"}]}]},{"animations":[],"initialState":{"affineTransform":[1,0,0,1,0,0],"masksToBounds":false,"rotation":0,"scale":1,"position":{"pointX":960,"pointY":540},"width":1920,"sublayerTransform":[1,0,0,0,0,1,0,0,0,0,1,0,0,0,0,1],"contentsRect":{"y":0,"x":0,"width":1,"height":1},"opacity":1,"edgeAntialiasingMask":251658240,"height":1080,"hidden":false,"anchorPoint":{"pointX":0.5,"pointY":0.5}},"layers":[{"animations":[],"initialState":{"affineTransform":[1,0,0,1,0,0],"masksToBounds":false,"rotation":0,"scale":1,"position":{"pointX":965.3055696338415,"pointY":857.1546296924353},"width":9.227960556745529,"sublayerTransform":[1,0,0,0,0,1,0,0,0,0,1,0,0,0,0,1],"contentsRect":{"y":0,"x":0,"width":1,"height":1},"opacity":1,"edgeAntialiasingMask":251658240,"height":9.227960556745529,"hidden":false,"anchorPoint":{"pointX":0.5,"pointY":0.5}},"objectID":"1CC91FF0-F3BE-42A2-AE97-F8F50698FEB2","layers":[{"animations":[],"layers":[],"texturedRectangle":{"singleTextureOpacity":1,"textXHeight":0,"shapePath":{"lineWidth":1,"flatness":0.6,"lineCapStyle":0,"elements":[{"type":"MoveToPoint","points":[[9.568146376106142,2.892052950170637]]},{"type":"AddCurve","points":[[11.37001775758358,4.693924331648077],[11.37001775758358,7.615335053222452],[9.568146376106142,9.417206434699892]]},{"type":"AddCurve","points":[[7.766274994628702,11.21907781617733],[4.844864273054327,11.21907781617733],[3.042992891576887,9.417206434699892]]},{"type":"AddCurve","points":[[1.241121510099447,7.615335053222452],[1.241121510099447,4.693924331648077],[3.042992891576887,2.892052950170637]]},{"type":"AddCurve","points":[[4.844864273054327,1.090181568693197],[7.766274994628702,1.090181568693197],[9.568146376106142,2.892052950170637]]},{"type":"CloseSubpath"},{"type":"MoveToPoint","points":[[9.568146376106142,2.892052950170637]]}],"windingRule":0,"lineJoinStyle":0,"miterLimit":10},"isBackgroundTexture":true,"textBaseline":0,"isVerticalText":false,"textureType":5},"initialState":{"affineTransform":[1,0,0,1,0,0],"masksToBounds":false,"rotation":0,"scale":1,"position":{"pointX":4.30841064453125,"pointY":4.4593505859375},"width":12,"sublayerTransform":[1,0,0,0,0,1,0,0,0,0,1,0,0,0,0,1],"contentsRect":{"y":0,"x":0,"width":1,"height":1},"opacity":1,"edgeAntialiasingMask":0,"height":12,"hidden":true,"anchorPoint":{"pointX":0.5,"pointY":0.5}},"texture":"AFB0DD6DFD8B6DE87057931817E6D485"}]}]},{"animations":[],"initialState":{"affineTransform":[1,0,0,1,0,0],"masksToBounds":false,"rotation":0,"scale":1,"position":{"pointX":960,"pointY":540},"width":1920,"sublayerTransform":[1,0,0,0,0,1,0,0,0,0,1,0,0,0,0,1],"contentsRect":{"y":0,"x":0,"width":1,"height":1},"opacity":1,"edgeAntialiasingMask":251658240,"height":1080,"hidden":false,"anchorPoint":{"pointX":0.5,"pointY":0.5}},"layers":[{"animations":[],"initialState":{"affineTransform":[1,0,0,1,0,0],"masksToBounds":false,"rotation":0,"scale":1,"position":{"pointX":959.9999847412109,"pointY":436.2345733642578},"width":348.0190124511719,"sublayerTransform":[1,0,0,0,0,1,0,0,0,0,1,0,0,0,0,1],"contentsRect":{"y":0,"x":0,"width":1,"height":1},"opacity":1,"edgeAntialiasingMask":251658240,"height":305.5568542480469,"hidden":false,"anchorPoint":{"pointX":0.5,"pointY":0.5}},"objectID":"3D62CF92-5D9B-4882-A87A-85A5A24A19CF","layers":[{"animations":[],"layers":[],"texturedRectangle":{"isBackgroundTexture":true,"singleTextureOpacity":1,"textureType":5,"textBaseline":0,"textXHeight":0,"isVerticalText":false},"initialState":{"affineTransform":[1,0,0,1,0,0],"masksToBounds":false,"rotation":0,"scale":1,"position":{"pointX":174.009521484375,"pointY":153.0438537597656},"width":426,"sublayerTransform":[1,0,0,0,0,1,0,0,0,0,1,0,0,0,0,1],"contentsRect":{"y":0,"x":0,"width":1,"height":1},"opacity":1,"edgeAntialiasingMask":0,"height":309,"hidden":false,"anchorPoint":{"pointX":0.5,"pointY":0.5}},"texture":"FE494B52482AE3B329ED29FF50CF190C"}]}]},{"animations":[],"initialState":{"affineTransform":[1,0,0,1,0,0],"masksToBounds":false,"rotation":0,"scale":1,"position":{"pointX":960,"pointY":540},"width":1920,"sublayerTransform":[1,0,0,0,0,1,0,0,0,0,1,0,0,0,0,1],"contentsRect":{"y":0,"x":0,"width":1,"height":1},"opacity":1,"edgeAntialiasingMask":251658240,"height":1080,"hidden":false,"anchorPoint":{"pointX":0.5,"pointY":0.5}},"layers":[{"animations":[],"initialState":{"affineTransform":[1,0,0,1,0,0],"masksToBounds":false,"rotation":0,"scale":1,"position":{"pointX":944.9980134814978,"pointY":857.1546296924353},"width":9.227960556745529,"sublayerTransform":[1,0,0,0,0,1,0,0,0,0,1,0,0,0,0,1],"contentsRect":{"y":0,"x":0,"width":1,"height":1},"opacity":1,"edgeAntialiasingMask":251658240,"height":9.227960556745529,"hidden":false,"anchorPoint":{"pointX":0.5,"pointY":0.5}},"objectID":"D401657B-48CC-42F1-A21C-95EB83292F40","layers":[{"animations":[],"layers":[],"texturedRectangle":{"singleTextureOpacity":1,"textXHeight":0,"shapePath":{"lineWidth":1,"flatness":0.6,"lineCapStyle":0,"elements":[{"type":"MoveToPoint","points":[[9.260590223762392,2.892052950170637]]},{"type":"AddCurve","points":[[11.06246160523983,4.693924331648077],[11.06246160523983,7.615335053222452],[9.260590223762392,9.417206434699892]]},{"type":"AddCurve","points":[[7.458718842284952,11.21907781617733],[4.537308120710577,11.21907781617733],[2.735436739233137,9.417206434699892]]},{"type":"AddCurve","points":[[0.9335653577556968,7.615335053222452],[0.9335653577556968,4.693924331648077],[2.735436739233137,2.892052950170637]]},{"type":"AddCurve","points":[[4.537308120710577,1.090181568693197],[7.458718842284952,1.090181568693197],[9.260590223762392,2.892052950170637]]},{"type":"CloseSubpath"},{"type":"MoveToPoint","points":[[9.260590223762392,2.892052950170637]]}],"windingRule":0,"lineJoinStyle":0,"miterLimit":10},"isBackgroundTexture":true,"textBaseline":0,"isVerticalText":false,"textureType":5},"initialState":{"affineTransform":[1,0,0,1,0,0],"masksToBounds":false,"rotation":0,"scale":1,"position":{"pointX":4.615966796875,"pointY":4.4593505859375},"width":12,"sublayerTransform":[1,0,0,0,0,1,0,0,0,0,1,0,0,0,0,1],"contentsRect":{"y":0,"x":0,"width":1,"height":1},"opacity":1,"edgeAntialiasingMask":0,"height":12,"hidden":false,"anchorPoint":{"pointX":0.5,"pointY":0.5}},"texture":"81C6CD8589AD2ACD92B2509C831F41E3"}]}]},{"animations":[],"initialState":{"affineTransform":[1,0,0,1,0,0],"masksToBounds":false,"rotation":0,"scale":1,"position":{"pointX":960,"pointY":540},"width":1920,"sublayerTransform":[1,0,0,0,0,1,0,0,0,0,1,0,0,0,0,1],"contentsRect":{"y":0,"x":0,"width":1,"height":1},"opacity":1,"edgeAntialiasingMask":251658240,"height":1080,"hidden":false,"anchorPoint":{"pointX":0.5,"pointY":0.5}},"layers":[{"animations":[],"initialState":{"affineTransform":[1,0,0,1,0,0],"masksToBounds":false,"rotation":0,"scale":1,"position":{"pointX":936.1727485656738,"pointY":540.3332824707031},"width":1992.583862304688,"sublayerTransform":[1,0,0,0,0,1,0,0,0,0,1,0,0,0,0,1],"contentsRect":{"y":0,"x":0,"width":1,"height":1},"opacity":1,"edgeAntialiasingMask":251658240,"height":1549.888427734375,"hidden":false,"anchorPoint":{"pointX":0.5,"pointY":0.5}},"objectID":"2F8A9156-B06B-4EC5-9985-F24584E089D2","layers":[{"animations":[],"layers":[],"texturedRectangle":{"isBackgroundTexture":true,"singleTextureOpacity":1,"textureType":5,"textBaseline":0,"textXHeight":0,"isVerticalText":false},"initialState":{"affineTransform":[1,0,0,1,0,0],"masksToBounds":false,"rotation":0,"scale":1,"position":{"pointX":996.1191825866699,"pointY":775.1109313964844},"width":1996,"sublayerTransform":[1,0,0,0,0,1,0,0,0,0,1,0,0,0,0,1],"contentsRect":{"y":0,"x":0,"width":1,"height":1},"opacity":1,"edgeAntialiasingMask":0,"height":1553,"hidden":false,"anchorPoint":{"pointX":0.5,"pointY":0.5}},"texture":"F508368D6478B18C7AA9926F86EDD5A2"}]}]}]}},{"effects":[{"beginTime":0.2000000029802322,"baseLayer":{"animations":[],"initialState":{"affineTransform":[1,0,0,1,0,0],"masksToBounds":false,"rotation":0,"scale":1,"position":{"pointX":960,"pointY":540},"width":1920,"sublayerTransform":[1,0,0,0,0,1,0,0,0,0,1,0,0,0,0,1],"contentsRect":{"y":0,"x":0,"width":1,"height":1},"opacity":1,"edgeAntialiasingMask":251658240,"height":1080,"hidden":false,"anchorPoint":{"pointX":0.5,"pointY":0.5}},"objectID":"0","layers":[{"animations":[],"initialState":{"affineTransform":[1,0,0,1,0,0],"masksToBounds":false,"rotation":0,"scale":1,"position":{"pointX":960,"pointY":540},"width":1920,"sublayerTransform":[1,0,0,0,0,1,0,0,0,0,1,-0.0003500791246677598,0,0,0,1],"contentsRect":{"y":0,"x":0,"width":1,"height":1},"opacity":1,"edgeAntialiasingMask":251658240,"height":1080,"hidden":false,"anchorPoint":{"pointX":0.5,"pointY":0.5}},"layers":[{"animations":[],"layers":[],"texturedRectangle":{"isBackgroundTexture":false,"singleTextureOpacity":1,"textureType":0,"textBaseline":0,"textXHeight":0,"isVerticalText":false},"initialState":{"affineTransform":[1,0,0,1,0,0],"masksToBounds":false,"rotation":0,"scale":1,"position":{"pointX":960,"pointY":540},"width":1920,"sublayerTransform":[1,0,0,0,0,1,0,0,0,0,1,0,0,0,0,1],"contentsRect":{"y":0,"x":0,"width":1,"height":1},"opacity":1,"edgeAntialiasingMask":0,"height":1080,"hidden":false,"anchorPoint":{"pointX":0.5,"pointY":0.5}},"texture":"0B0974BE5770E16E6AC7F6F97BF4866B"},{"animations":[{"timeOffset":0,"from":{"scalar":false},"beginTime":0,"repeatCount":0,"fillMode":"both","property":"hidden","autoreverses":false,"duration":0.01,"to":{"scalar":true}}],"layers":[],"texturedRectangle":{"isBackgroundTexture":false,"singleTextureOpacity":1,"textureType":0,"textBaseline":0,"textXHeight":0,"isVerticalText":false},"initialState":{"affineTransform":[1,0,0,1,0,0],"masksToBounds":false,"rotation":0,"scale":1,"position":{"pointX":960,"pointY":540},"width":1920,"sublayerTransform":[1,0,0,0,0,1,0,0,0,0,1,0,0,0,0,1],"contentsRect":{"y":0,"x":0,"width":1,"height":1},"opacity":1,"edgeAntialiasingMask":0,"height":1080,"hidden":false,"anchorPoint":{"pointX":0.5,"pointY":0.5}},"texture":"FC03400F0C66729E8D8E1A7223752EC5"}]}]},"effects":[],"duration":0.01,"type":"transition","name":"none","objectID":"0"}],"automaticPlay":true,"hyperlinks":[],"accessibility":[{"text":"Track and monitor your side effects wherever, whenever","targetRectangle":{"y":644.0322265625,"x":1286.032776489258,"width":293.0399999999997,"height":52.8000020980835}},{"text":"pasted-image.pdf","targetRectangle":{"y":81.82647368311882,"x":652.4980662874877,"width":61.13253580033779,"height":896.1971978545189}},{"text":"INFUSION","targetRectangle":{"y":401.7120513916016,"x":788.6249847412109,"width":342.75,"height":90}},{"text":"pasted-image.pdf","targetRectangle":{"y":979.5711669921875,"x":625.4781646728516,"width":597.75,"height":87.88682846724987}},{"text":"STAY ON TOP OF YOUR CHEMO REGIMEN","targetRectangle":{"y":556.0081176757812,"x":1298.073760942876,"width":274.3180006556511,"height":54}},{"text":"GET STARTED","targetRectangle":{"y":932.6624755859375,"x":894.4629360454678,"width":132.9120002950431,"height":22}},{"text":"pasted-image.pdf","targetRectangle":{"y":273.8971557617188,"x":843.6536254882812,"width":243.3038177490234,"height":201.3548889160156}},{"text":"pasted-image.pdf","targetRectangle":{"y":287.9541931152344,"x":843.6536254882812,"width":243.3038177490234,"height":201.3548889160156}},{"text":"pasted-image.pdf","targetRectangle":{"y":300.1825866699219,"x":843.6536254882812,"width":243.3038177490234,"height":201.3548889160156}}],"baseLayer":{"animations":[],"initialState":{"affineTransform":[1,0,0,1,0,0],"masksToBounds":false,"rotation":0,"scale":1,"position":{"pointX":960,"pointY":540},"width":1920,"sublayerTransform":[1,0,0,0,0,1,0,0,0,0,1,0,0,0,0,1],"contentsRect":{"y":0,"x":0,"width":1,"height":1},"opacity":1,"edgeAntialiasingMask":251658240,"height":1080,"hidden":false,"anchorPoint":{"pointX":0.5,"pointY":0.5}},"objectID":"0","layers":[{"animations":[],"initialState":{"affineTransform":[1,0,0,1,0,0],"masksToBounds":false,"rotation":0,"scale":1,"position":{"pointX":960,"pointY":540},"width":1920,"sublayerTransform":[1,0,0,0,0,1,0,0,0,0,1,-0.0003500791246677598,0,0,0,1],"contentsRect":{"y":0,"x":0,"width":1,"height":1},"opacity":1,"edgeAntialiasingMask":251658240,"height":1080,"hidden":false,"anchorPoint":{"pointX":0.5,"pointY":0.5}},"layers":[{"animations":[],"layers":[],"texturedRectangle":{"isBackgroundTexture":false,"singleTextureOpacity":1,"textureType":0,"textBaseline":0,"textXHeight":0,"isVerticalText":false},"initialState":{"affineTransform":[1,0,0,1,0,0],"masksToBounds":false,"rotation":0,"scale":1,"position":{"pointX":960,"pointY":540},"width":1920,"sublayerTransform":[1,0,0,0,0,1,0,0,0,0,1,0,0,0,0,1],"contentsRect":{"y":0,"x":0,"width":1,"height":1},"opacity":1,"edgeAntialiasingMask":0,"height":1080,"hidden":false,"anchorPoint":{"pointX":0.5,"pointY":0.5}},"texture":"FC03400F0C66729E8D8E1A7223752EC5"}]}]}}]}