{"autoplayTransitionDelay":5,"author":"","timestamp":"2017-28-18 11:5:8","loopSlideshow":0,"filename":"INFUSION-Final-DARK.key","autoplayBuildDelay":2,"comment":"","title":"INFUSION-Final-DARK.key","showMode":0,"creator":"Apple Keynote 7.1.1","slideList":["094ED1A1-7D14-44B9-B659-E5F67B5EBA00","1F811184-5DB6-438C-B190-042B08E8D300","BBF0AC25-C6AC-4733-B017-8F9D39364490","F7057394-ABBA-4577-8607-C53A4222CC8C","07DB1C35-8845-4F19-8571-99858EFA77C0","D30DDB4D-4D2F-4C21-9CAB-5201801602E1","937D700D-7E77-4469-96DF-2205C2085C2F","7FBDC1E3-63A6-4A54-B78C-7749E095ABA2","D3B04F42-27AC-47F7-8DCC-B528E6AF92B4","04547B3D-DC01-4F10-BAAD-E4C32CEB64F9","97CCBA77-BAF9-4A55-BADB-621D843F20EC","0F477A7F-CB5D-4DAF-8910-6ED223308986","59A5F25B-3654-4503-80CC-CDF6CCA6F3B9"],"soundtrack":{"mode":0,"volume":1},"slideWidth":1920,"slideHeight":1080,"slideCount":13,"majorVersion":1,"minorVersion":2,"fonts":["Industry-Black","Helvetica","SofiaProBold","SofiaProSemiBold","Helvetica-Light","SofiaProMedium","Helvetica-LightOblique","GillSans","Industry-Medium","Industry-Bold","Industry-Demi","HelveticaNeue","Helvetica-Bold"]}