{"assets":{"1011069C30B6C897C1AAFA9832BE9C1F":{"type":"texture","index":4,"assetRequest":{"type":"slide","state":"contents","slide":"none"},"url":{"native":"assets/F7057394-ABBA-4577-8607-C53A4222CC8C.pdf"},"width":133,"height":17},"2594D321D595D8B60CA604617E02E49D":{"type":"texture","index":12,"assetRequest":{"type":"slide","state":"contents","slide":"none"},"url":{"native":"assets/F7057394-ABBA-4577-8607-C53A4222CC8C.pdf"},"width":363,"height":257},"C25C25FF361FB24FC35F6B120D2F252D":{"type":"texture","index":0,"assetRequest":{"type":"slide","state":"contents","slide":"none"},"url":{"native":"assets/F7057394-ABBA-4577-8607-C53A4222CC8C.pdf"},"width":1920,"height":1080},"F508368D6478B18C7AA9926F86EDD5A2":{"type":"texture","index":22,"assetRequest":{"type":"slide","state":"contents","slide":"none"},"url":{"native":"assets/F7057394-ABBA-4577-8607-C53A4222CC8C.pdf"},"width":1996,"height":1553},"6003BE25012E12496F5C7D8E9D304B23":{"type":"texture","index":17,"assetRequest":{"type":"slide","state":"contents","slide":"none"},"url":{"native":"assets/F7057394-ABBA-4577-8607-C53A4222CC8C.pdf"},"width":6,"height":172},"929BE5E0DEFB950DE48BB798E39A3BD6":{"type":"texture","index":14,"assetRequest":{"type":"slide","state":"contents","slide":"none"},"url":{"native":"assets/F7057394-ABBA-4577-8607-C53A4222CC8C.pdf"},"width":277,"height":154},"B0C050646140EF26802EA66DC875EBC1":{"type":"texture","index":23,"assetRequest":{"type":"slide","state":"contents","slide":"none"},"url":{"native":"assets/F7057394-ABBA-4577-8607-C53A4222CC8C.pdf"},"width":1920,"height":1080},"EF7FAFEAAEFF9E3C955689FF02D1E025":{"type":"texture","index":18,"assetRequest":{"type":"slide","state":"contents","slide":"none"},"url":{"native":"assets/F7057394-ABBA-4577-8607-C53A4222CC8C.pdf"},"width":20,"height":20},"756215991CBE568F2DC1BEA92A8E3E5E":{"type":"texture","index":15,"assetRequest":{"type":"slide","state":"contents","slide":"none"},"url":{"native":"assets/F7057394-ABBA-4577-8607-C53A4222CC8C.pdf"},"width":283,"height":128},"8F4C6266DB43DED6E68B2936CB7B4BEA":{"type":"texture","index":16,"assetRequest":{"type":"slide","state":"contents","slide":"none"},"url":{"native":"assets/F7057394-ABBA-4577-8607-C53A4222CC8C.pdf"},"width":282,"height":137},"C3B1ACA516970DB3F64AC2B88D866E93":{"type":"texture","index":9,"assetRequest":{"type":"slide","state":"contents","slide":"none"},"url":{"native":"assets/F7057394-ABBA-4577-8607-C53A4222CC8C.pdf"},"width":12,"height":12},"D8F6F8EC51E4873C499A78B2ED982C3B":{"type":"texture","index":21,"assetRequest":{"type":"slide","state":"contents","slide":"none"},"url":{"native":"assets/F7057394-ABBA-4577-8607-C53A4222CC8C.pdf"},"width":13,"height":12},"719309C111914AE6F7566FCC1DFFFE8A":{"type":"texture","index":5,"assetRequest":{"type":"slide","state":"contents","slide":"none"},"url":{"native":"assets/F7057394-ABBA-4577-8607-C53A4222CC8C.pdf"},"width":435,"height":128},"D671213E0D6D912AE203D1E92BDB6E15":{"type":"texture","index":24,"assetRequest":{"type":"slide","state":"contents","slide":"none"},"url":{"native":"assets/F7057394-ABBA-4577-8607-C53A4222CC8C.pdf"},"width":1920,"height":1080},"FAF6157F977BEC9FC13CB211C147E541":{"type":"texture","index":6,"assetRequest":{"type":"slide","state":"contents","slide":"none"},"url":{"native":"assets/F7057394-ABBA-4577-8607-C53A4222CC8C.pdf"},"width":211,"height":102},"160AA01FBE51955F6A26691F497DC735":{"type":"texture","index":8,"assetRequest":{"type":"slide","state":"contents","slide":"none"},"url":{"native":"assets/F7057394-ABBA-4577-8607-C53A4222CC8C.pdf"},"width":12,"height":12},"255BD4D13B4B1B262E229E53946186DC":{"type":"texture","index":10,"assetRequest":{"type":"slide","state":"contents","slide":"none"},"url":{"native":"assets/F7057394-ABBA-4577-8607-C53A4222CC8C.pdf"},"width":364,"height":535},"608E87E48DF73C6480F2F34D9C3AF40F":{"type":"texture","index":7,"assetRequest":{"type":"slide","state":"contents","slide":"none"},"url":{"native":"assets/F7057394-ABBA-4577-8607-C53A4222CC8C.pdf"},"width":13,"height":12},"E8108C6FFEDFAFCA802AAB1755777F55":{"type":"texture","index":1,"assetRequest":{"type":"slide","state":"contents","slide":"none"},"url":{"native":"assets/F7057394-ABBA-4577-8607-C53A4222CC8C.pdf"},"width":1973,"height":1136},"AFB0DD6DFD8B6DE87057931817E6D485":{"type":"texture","index":20,"assetRequest":{"type":"slide","state":"contents","slide":"none"},"url":{"native":"assets/F7057394-ABBA-4577-8607-C53A4222CC8C.pdf"},"width":12,"height":12},"7467E75221897D29B7DFD071274313BF":{"type":"texture","index":13,"assetRequest":{"type":"slide","state":"contents","slide":"none"},"url":{"native":"assets/F7057394-ABBA-4577-8607-C53A4222CC8C.pdf"},"width":283,"height":123},"593BDF85414FD1E5F0B20FF701CEC3C5":{"type":"texture","index":19,"assetRequest":{"type":"slide","state":"contents","slide":"none"},"url":{"native":"assets/F7057394-ABBA-4577-8607-C53A4222CC8C.pdf"},"width":12,"height":12},"ADCFEBF1D3B6E437AB2DA1D0FC51202B":{"type":"texture","index":2,"assetRequest":{"type":"slide","state":"contents","slide":"none"},"url":{"native":"assets/F7057394-ABBA-4577-8607-C53A4222CC8C.pdf"},"width":620,"height":1004},"5DA4B67B297C5D67C140E59FAA2B2FA7":{"type":"texture","index":11,"assetRequest":{"type":"slide","state":"contents","slide":"none"},"url":{"native":"assets/F7057394-ABBA-4577-8607-C53A4222CC8C.pdf"},"width":212,"height":211},"BA8C3DFEF190BF7F1D086DAA7A538894":{"type":"texture","index":3,"assetRequest":{"type":"slide","state":"contents","slide":"none"},"url":{"native":"assets/F7057394-ABBA-4577-8607-C53A4222CC8C.pdf"},"width":532,"height":128}},"events":[{"effects":[{"beginTime":0,"baseLayer":{"animations":[],"initialState":{"affineTransform":[1,0,0,1,0,0],"masksToBounds":false,"rotation":0,"scale":1,"position":{"pointX":960.0000152587891,"pointY":540.3337707519531},"width":360.7855529785156,"sublayerTransform":[1,0,0,0,0,1,0,0,0,0,1,0,0,0,0,1],"contentsRect":{"y":0,"x":0,"width":1,"height":1},"opacity":1,"edgeAntialiasingMask":251658240,"height":532.8732299804688,"hidden":false,"anchorPoint":{"pointX":0.5,"pointY":0.5}},"objectID":"99E49722-A358-4DDF-BF89-F50EBC3A77A5","layers":[{"animations":[],"initialState":{"affineTransform":[1,0,0,1,0,0],"masksToBounds":false,"rotation":0,"scale":1,"position":{"pointX":180.3927612304688,"pointY":266.1028442382812},"width":360.7855529785156,"sublayerTransform":[1,0,0,0,0,1,0,0,0,0,1,-0.0003500791246677598,0,0,0,1],"contentsRect":{"y":0,"x":0,"width":1,"height":1},"opacity":1,"edgeAntialiasingMask":251658240,"height":532.8732299804688,"hidden":false,"anchorPoint":{"pointX":0.4999999577067625,"pointY":0.4993736394827615}},"layers":[{"animations":[{"timeOffset":0,"beginTime":1e-100,"repeatCount":0,"animations":[{"repeatCount":0,"timingControlPoint2y":0.5003676414489746,"from":{"pointX":180.3927612304688,"pointY":266.6028442382812},"timingFunction":"custom","timeOffset":0,"autoreverses":false,"timingControlPoint1x":0.3983353972434998,"fillMode":"both","property":"position","duration":1,"beginTime":0,"timingControlPoint2x":0.5904344320297241,"timingControlPoint1y":0,"to":{"pointX":-965.2144775390625,"pointY":266.6028442382812}}],"fillMode":"both","autoreverses":false,"duration":1}],"layers":[],"texturedRectangle":{"isBackgroundTexture":true,"singleTextureOpacity":1,"textureType":5,"textBaseline":0,"textXHeight":0,"isVerticalText":false},"initialState":{"affineTransform":[1,0,0,1,0,0],"masksToBounds":false,"rotation":0,"scale":1,"position":{"pointX":180.3927612304688,"pointY":266.6028442382812},"width":364,"sublayerTransform":[1,0,0,0,0,1,0,0,0,0,1,0,0,0,0,1],"contentsRect":{"y":0,"x":0,"width":1,"height":1},"opacity":1,"edgeAntialiasingMask":0,"height":535,"hidden":false,"anchorPoint":{"pointX":0.5,"pointY":0.5}},"texture":"255BD4D13B4B1B262E229E53946186DC"}]}]},"effects":[],"duration":1,"type":"buildOut","name":"apple:move in","objectID":"99E49722-A358-4DDF-BF89-F50EBC3A77A5"},{"beginTime":0,"baseLayer":{"animations":[],"initialState":{"affineTransform":[1,0,0,1,0,0],"masksToBounds":false,"rotation":0,"scale":1,"position":{"pointX":965.3055696338415,"pointY":857.1546296924353},"width":9.227960556745529,"sublayerTransform":[1,0,0,0,0,1,0,0,0,0,1,0,0,0,0,1],"contentsRect":{"y":0,"x":0,"width":1,"height":1},"opacity":1,"edgeAntialiasingMask":251658240,"height":9.227960556745529,"hidden":false,"anchorPoint":{"pointX":0.5,"pointY":0.5}},"objectID":"DE77DBDA-950D-4A20-A519-757723F879C5","layers":[{"animations":[],"initialState":{"affineTransform":[1,0,0,1,0,0],"masksToBounds":false,"rotation":0,"scale":1,"position":{"pointX":-0.69158935546875,"pointY":-312.5406494140625},"width":9.227960556745529,"sublayerTransform":[1,0,0,0,0,1,0,0,0,0,1,-0.0003500791246677598,0,0,0,1],"contentsRect":{"y":0,"x":0,"width":1,"height":1},"opacity":1,"edgeAntialiasingMask":251658240,"height":9.227960556745529,"hidden":false,"anchorPoint":{"pointX":-0.07494498391231272,"pointY":-33.86887573826906}},"layers":[{"animations":[{"timeOffset":0,"beginTime":1e-100,"repeatCount":0,"animations":[{"timeOffset":0,"from":{"scalar":1},"beginTime":0,"repeatCount":0,"fillMode":"both","duration":0.1,"autoreverses":false,"timingFunction":"EaseInEaseOut","property":"opacity","to":{"scalar":0}}],"fillMode":"both","autoreverses":false,"duration":0.1}],"layers":[],"texturedRectangle":{"singleTextureOpacity":1,"textXHeight":0,"shapePath":{"lineWidth":1,"flatness":0.6,"lineCapStyle":0,"elements":[{"type":"MoveToPoint","points":[[9.568146376106142,2.892052950170637]]},{"type":"AddCurve","points":[[11.37001775758358,4.693924331648077],[11.37001775758358,7.615335053222452],[9.568146376106142,9.417206434699892]]},{"type":"AddCurve","points":[[7.766274994628702,11.21907781617733],[4.844864273054327,11.21907781617733],[3.042992891576887,9.417206434699892]]},{"type":"AddCurve","points":[[1.241121510099447,7.615335053222452],[1.241121510099447,4.693924331648077],[3.042992891576887,2.892052950170637]]},{"type":"AddCurve","points":[[4.844864273054327,1.090181568693197],[7.766274994628702,1.090181568693197],[9.568146376106142,2.892052950170637]]},{"type":"CloseSubpath"},{"type":"MoveToPoint","points":[[9.568146376106142,2.892052950170637]]}],"windingRule":0,"lineJoinStyle":0,"miterLimit":10},"isBackgroundTexture":true,"textBaseline":0,"isVerticalText":false,"textureType":5},"initialState":{"affineTransform":[1,0,0,1,0,0],"masksToBounds":false,"rotation":0,"scale":1,"position":{"pointX":4.30841064453125,"pointY":4.4593505859375},"width":12,"sublayerTransform":[1,0,0,0,0,1,0,0,0,0,1,0,0,0,0,1],"contentsRect":{"y":0,"x":0,"width":1,"height":1},"opacity":1,"edgeAntialiasingMask":0,"height":12,"hidden":false,"anchorPoint":{"pointX":0.5,"pointY":0.5}},"texture":"AFB0DD6DFD8B6DE87057931817E6D485"}]}]},"effects":[{"beginTime":0.5,"baseLayer":{"animations":[],"initialState":{"affineTransform":[1,0,0,1,0,0],"masksToBounds":false,"rotation":0,"scale":1,"position":{"pointX":1430.392776489258,"pointY":679.3892517089844},"width":360.7855529785156,"sublayerTransform":[1,0,0,0,0,1,0,0,0,0,1,0,0,0,0,1],"contentsRect":{"y":0,"x":0,"width":1,"height":1},"opacity":1,"edgeAntialiasingMask":251658240,"height":254.7622680664062,"hidden":false,"anchorPoint":{"pointX":0.5,"pointY":0.5}},"objectID":"F560C0D1-5955-42A3-A07F-D1E05DDDDF2C","layers":[{"animations":[{"timeOffset":0,"beginTime":0.5,"repeatCount":0,"fillMode":"both","duration":0.5,"autoreverses":false,"timingFunction":"EaseInEaseOut","property":"position","path":[{"type":"MoveToPoint","points":[[180.3927764892578,127.3811340332031]]},{"type":"AddLine","points":[[176.7209014892578,127.3811340332031]]},{"type":"AddLine","points":[[173.0490264892578,127.3811340332031]]},{"type":"AddLine","points":[[169.3771514892578,127.3811340332031]]},{"type":"AddLine","points":[[165.7052764892578,127.3811340332031]]},{"type":"AddLine","points":[[162.0334014892578,127.3811340332031]]},{"type":"AddLine","points":[[158.3615264892578,127.3811340332031]]},{"type":"AddLine","points":[[154.6896514892578,127.3811340332031]]},{"type":"AddLine","points":[[151.0177764892578,127.3811340332031]]},{"type":"AddLine","points":[[147.3459014892578,127.3811340332031]]},{"type":"AddLine","points":[[143.6740264892578,127.3811340332031]]},{"type":"AddLine","points":[[140.0021514892578,127.3811340332031]]},{"type":"AddLine","points":[[136.3302764892578,127.3811340332031]]},{"type":"AddLine","points":[[132.6584014892578,127.3811340332031]]},{"type":"AddLine","points":[[128.9865264892578,127.3811340332031]]},{"type":"AddLine","points":[[125.3146514892578,127.3811340332031]]},{"type":"AddLine","points":[[121.6427764892578,127.3811340332031]]},{"type":"AddLine","points":[[117.9709014892578,127.3811340332031]]},{"type":"AddLine","points":[[114.2990264892578,127.3811340332031]]},{"type":"AddLine","points":[[110.6271514892578,127.3811340332031]]},{"type":"AddLine","points":[[106.9552764892578,127.3811340332031]]},{"type":"AddLine","points":[[103.2834014892578,127.3811340332031]]},{"type":"AddLine","points":[[99.61152648925781,127.3811340332031]]},{"type":"AddLine","points":[[95.93965148925781,127.3811340332031]]},{"type":"AddLine","points":[[92.26777648925781,127.3811340332031]]},{"type":"AddLine","points":[[88.59590148925781,127.3811340332031]]},{"type":"AddLine","points":[[84.92402648925781,127.3811340332031]]},{"type":"AddLine","points":[[81.25215148925781,127.3811340332031]]},{"type":"AddLine","points":[[77.58027648925781,127.3811340332031]]},{"type":"AddLine","points":[[73.90840148925781,127.3811340332031]]},{"type":"AddLine","points":[[70.23652648925781,127.3811340332031]]},{"type":"AddLine","points":[[66.56465148925781,127.3811340332031]]},{"type":"AddLine","points":[[62.89277648925781,127.3811340332031]]},{"type":"AddLine","points":[[59.22090148925781,127.3811340332031]]},{"type":"AddLine","points":[[55.54902648925781,127.3811340332031]]},{"type":"AddLine","points":[[51.87715148925781,127.3811340332031]]},{"type":"AddLine","points":[[48.20527648925781,127.3811340332031]]},{"type":"AddLine","points":[[44.53340148925781,127.3811340332031]]},{"type":"AddLine","points":[[40.86152648925781,127.3811340332031]]},{"type":"AddLine","points":[[37.18965148925781,127.3811340332031]]},{"type":"AddLine","points":[[33.51777648925781,127.3811340332031]]},{"type":"AddLine","points":[[29.84590148925781,127.3811340332031]]},{"type":"AddLine","points":[[26.17402648925781,127.3811340332031]]},{"type":"AddLine","points":[[22.50215148925781,127.3811340332031]]},{"type":"AddLine","points":[[18.83027648925781,127.3811340332031]]},{"type":"AddLine","points":[[15.15840148925781,127.3811340332031]]},{"type":"AddLine","points":[[11.48652648925781,127.3811340332031]]},{"type":"AddLine","points":[[7.814651489257812,127.3811340332031]]},{"type":"AddLine","points":[[4.142776489257812,127.3811340332031]]},{"type":"AddLine","points":[[0.4709014892578125,127.3811340332031]]},{"type":"AddLine","points":[[-3.200973510742188,127.3811340332031]]},{"type":"AddLine","points":[[-6.872848510742188,127.3811340332031]]},{"type":"AddLine","points":[[-10.54472351074219,127.3811340332031]]},{"type":"AddLine","points":[[-14.21659851074219,127.3811340332031]]},{"type":"AddLine","points":[[-17.88847351074219,127.3811340332031]]},{"type":"AddLine","points":[[-21.56034851074219,127.3811340332031]]},{"type":"AddLine","points":[[-25.23222351074219,127.3811340332031]]},{"type":"AddLine","points":[[-28.90409851074219,127.3811340332031]]},{"type":"AddLine","points":[[-32.57597351074219,127.3811340332031]]},{"type":"AddLine","points":[[-36.24784851074219,127.3811340332031]]},{"type":"AddLine","points":[[-39.91972351074219,127.3811340332031]]},{"type":"AddLine","points":[[-43.59159851074219,127.3811340332031]]},{"type":"AddLine","points":[[-47.26347351074219,127.3811340332031]]},{"type":"AddLine","points":[[-50.93534851074219,127.3811340332031]]},{"type":"AddLine","points":[[-54.60722351074219,127.3811340332031]]},{"type":"AddLine","points":[[-58.27909851074219,127.3811340332031]]},{"type":"AddLine","points":[[-61.95097351074219,127.3811340332031]]},{"type":"AddLine","points":[[-65.62284851074219,127.3811340332031]]},{"type":"AddLine","points":[[-69.29472351074219,127.3811340332031]]},{"type":"AddLine","points":[[-72.96659851074219,127.3811340332031]]},{"type":"AddLine","points":[[-76.63847351074219,127.3811340332031]]},{"type":"AddLine","points":[[-80.31034851074219,127.3811340332031]]},{"type":"AddLine","points":[[-83.98222351074219,127.3811340332031]]},{"type":"AddLine","points":[[-87.65409851074219,127.3811340332031]]},{"type":"AddLine","points":[[-91.32597351074219,127.3811340332031]]},{"type":"AddLine","points":[[-94.99784851074219,127.3811340332031]]},{"type":"AddLine","points":[[-98.66972351074219,127.3811340332031]]},{"type":"AddLine","points":[[-102.3415985107422,127.3811340332031]]},{"type":"AddLine","points":[[-106.0134735107422,127.3811340332031]]},{"type":"AddLine","points":[[-109.6853485107422,127.3811340332031]]},{"type":"AddLine","points":[[-113.3572235107422,127.3811340332031]]},{"type":"AddLine","points":[[-117.0290985107422,127.3811340332031]]},{"type":"AddLine","points":[[-120.7009735107422,127.3811340332031]]},{"type":"AddLine","points":[[-124.3728485107422,127.3811340332031]]},{"type":"AddLine","points":[[-128.0447235107422,127.3811340332031]]},{"type":"AddLine","points":[[-131.7165985107422,127.3811340332031]]},{"type":"AddLine","points":[[-135.3884735107422,127.3811340332031]]},{"type":"AddLine","points":[[-139.0603485107422,127.3811340332031]]},{"type":"AddLine","points":[[-142.7322235107422,127.3811340332031]]},{"type":"AddLine","points":[[-146.4040985107422,127.3811340332031]]},{"type":"AddLine","points":[[-150.0759735107422,127.3811340332031]]},{"type":"AddLine","points":[[-153.7478485107422,127.3811340332031]]},{"type":"AddLine","points":[[-157.4197235107422,127.3811340332031]]},{"type":"AddLine","points":[[-161.0915985107422,127.3811340332031]]},{"type":"AddLine","points":[[-164.7634735107422,127.3811340332031]]},{"type":"AddLine","points":[[-168.4353485107422,127.3811340332031]]},{"type":"AddLine","points":[[-172.1072235107422,127.3811340332031]]},{"type":"AddLine","points":[[-175.7790985107422,127.3811340332031]]},{"type":"AddLine","points":[[-179.4509735107422,127.3811340332031]]},{"type":"AddLine","points":[[-183.1228485107422,127.3811340332031]]},{"type":"AddLine","points":[[-186.7947235107422,127.3811340332031]]},{"type":"AddLine","points":[[-190.4665985107422,127.3811340332031]]},{"type":"AddLine","points":[[-194.1384735107422,127.3811340332031]]},{"type":"AddLine","points":[[-197.8103485107422,127.3811340332031]]},{"type":"AddLine","points":[[-201.4822235107422,127.3811340332031]]},{"type":"AddLine","points":[[-205.1540985107422,127.3811340332031]]},{"type":"AddLine","points":[[-208.8259735107422,127.3811340332031]]},{"type":"AddLine","points":[[-212.4978485107422,127.3811340332031]]},{"type":"AddLine","points":[[-216.1697235107422,127.3811340332031]]},{"type":"AddLine","points":[[-219.8415985107422,127.3811340332031]]},{"type":"AddLine","points":[[-223.5134735107422,127.3811340332031]]},{"type":"AddLine","points":[[-227.1853485107422,127.3811340332031]]},{"type":"AddLine","points":[[-230.8572235107422,127.3811340332031]]},{"type":"AddLine","points":[[-234.5290985107422,127.3811340332031]]},{"type":"AddLine","points":[[-238.2009735107422,127.3811340332031]]},{"type":"AddLine","points":[[-241.8728485107422,127.3811340332031]]},{"type":"AddLine","points":[[-245.5447235107422,127.3811340332031]]},{"type":"AddLine","points":[[-249.2165985107422,127.3811340332031]]},{"type":"AddLine","points":[[-252.8884735107422,127.3811340332031]]},{"type":"AddLine","points":[[-256.5603485107422,127.3811340332031]]},{"type":"AddLine","points":[[-260.2322235107422,127.3811340332031]]},{"type":"AddLine","points":[[-263.9040985107422,127.3811340332031]]},{"type":"AddLine","points":[[-267.5759735107422,127.3811340332031]]},{"type":"AddLine","points":[[-271.2478485107422,127.3811340332031]]},{"type":"AddLine","points":[[-274.9197235107422,127.3811340332031]]},{"type":"AddLine","points":[[-278.5915985107422,127.3811340332031]]},{"type":"AddLine","points":[[-282.2634735107422,127.3811340332031]]},{"type":"AddLine","points":[[-285.9353485107422,127.3811340332031]]},{"type":"AddLine","points":[[-289.6072235107422,127.3811340332031]]}]}],"layers":[],"texturedRectangle":{"isBackgroundTexture":true,"singleTextureOpacity":1,"textureType":5,"textBaseline":0,"textXHeight":0,"isVerticalText":false},"initialState":{"affineTransform":[1,0,0,1,0,0],"masksToBounds":false,"rotation":0,"scale":1,"position":{"pointX":180.3927764892578,"pointY":127.3811340332031},"width":363,"sublayerTransform":[1,0,0,0,0,1,0,0,0,0,1,0,0,0,0,1],"contentsRect":{"y":0,"x":0,"width":1,"height":1},"opacity":1,"edgeAntialiasingMask":0,"height":257,"hidden":false,"anchorPoint":{"pointX":0.4997046184277075,"pointY":0.4995690727976046}},"texture":"2594D321D595D8B60CA604617E02E49D"}]},"effects":[],"duration":0.5,"type":"actionBuild","name":"apple:action-motion-path","objectID":"F560C0D1-5955-42A3-A07F-D1E05DDDDF2C"},{"beginTime":0.5,"baseLayer":{"animations":[],"initialState":{"affineTransform":[1,0,0,1,0,0],"masksToBounds":false,"rotation":0,"scale":1,"position":{"pointX":984.4869661182165,"pointY":857.1546296924353},"width":9.227960556745529,"sublayerTransform":[1,0,0,0,0,1,0,0,0,0,1,0,0,0,0,1],"contentsRect":{"y":0,"x":0,"width":1,"height":1},"opacity":1,"edgeAntialiasingMask":251658240,"height":9.227960556745529,"hidden":false,"anchorPoint":{"pointX":0.5,"pointY":0.5}},"objectID":"6670CE13-6710-4FED-9F2D-D6881E826D80","layers":[{"animations":[],"initialState":{"affineTransform":[1,0,0,1,0,0],"masksToBounds":false,"rotation":0,"scale":1,"position":{"pointX":-19.87298583984375,"pointY":-312.5406494140625},"width":9.227960556745529,"sublayerTransform":[1,0,0,0,0,1,0,0,0,0,1,-0.0003500791246677598,0,0,0,1],"contentsRect":{"y":0,"x":0,"width":1,"height":1},"opacity":1,"edgeAntialiasingMask":251658240,"height":9.227960556745529,"hidden":false,"anchorPoint":{"pointX":-2.153562070149599,"pointY":-33.86887573826906}},"layers":[{"animations":[{"timeOffset":0,"beginTime":0.5,"repeatCount":0,"animations":[{"timeOffset":0,"from":{"scalar":0},"beginTime":0,"repeatCount":0,"fillMode":"both","duration":0.1,"autoreverses":false,"timingFunction":"EaseInEaseOut","property":"opacity","to":{"scalar":1}},{"timeOffset":0,"from":{"scalar":false},"beginTime":0,"repeatCount":0,"fillMode":"forwards","property":"hidden","autoreverses":false,"duration":0.1,"to":{"scalar":false}}],"fillMode":"both","autoreverses":false,"duration":0.1}],"layers":[],"texturedRectangle":{"singleTextureOpacity":1,"textXHeight":0,"shapePath":{"lineWidth":1,"flatness":0.6,"lineCapStyle":0,"elements":[{"type":"MoveToPoint","points":[[9.749542860481142,2.892052950170637]]},{"type":"AddCurve","points":[[11.55141424195858,4.693924331648077],[11.55141424195858,7.615335053222452],[9.749542860481142,9.417206434699892]]},{"type":"AddCurve","points":[[7.947671479003702,11.21907781617733],[5.026260757429327,11.21907781617733],[3.224389375951887,9.417206434699892]]},{"type":"AddCurve","points":[[1.422517994474447,7.615335053222452],[1.422517994474447,4.693924331648077],[3.224389375951887,2.892052950170637]]},{"type":"AddCurve","points":[[5.026260757429327,1.090181568693197],[7.947671479003702,1.090181568693197],[9.749542860481142,2.892052950170637]]},{"type":"CloseSubpath"},{"type":"MoveToPoint","points":[[9.749542860481142,2.892052950170637]]}],"windingRule":0,"lineJoinStyle":0,"miterLimit":10},"isBackgroundTexture":true,"textBaseline":0,"isVerticalText":false,"textureType":5},"initialState":{"affineTransform":[1,0,0,1,0,0],"masksToBounds":false,"rotation":0,"scale":1,"position":{"pointX":4.62701416015625,"pointY":4.4593505859375},"width":13,"sublayerTransform":[1,0,0,0,0,1,0,0,0,0,1,0,0,0,0,1],"contentsRect":{"y":0,"x":0,"width":1,"height":1},"opacity":1,"edgeAntialiasingMask":0,"height":12,"hidden":true,"anchorPoint":{"pointX":0.5,"pointY":0.5}},"texture":"D8F6F8EC51E4873C499A78B2ED982C3B"}]}]},"effects":[],"duration":0.1,"type":"buildIn","attributes":{"direction":11},"name":"apple:wipe","objectID":"6670CE13-6710-4FED-9F2D-D6881E826D80"},{"beginTime":0.5,"baseLayer":{"animations":[],"initialState":{"affineTransform":[1,0,0,1,0,0],"masksToBounds":false,"rotation":0,"scale":1,"position":{"pointX":965.3055823769673,"pointY":407.277660918785},"width":280.1362979488457,"sublayerTransform":[1,0,0,0,0,1,0,0,0,0,1,0,0,0,0,1],"contentsRect":{"y":0,"x":0,"width":1,"height":1},"opacity":1,"edgeAntialiasingMask":251658240,"height":120.2066474836161,"hidden":false,"anchorPoint":{"pointX":0.5,"pointY":0.5}},"objectID":"993F33DC-C98A-475F-93CC-28BC010987B3","layers":[{"animations":[],"initialState":{"affineTransform":[1,0,0,1,0,0],"masksToBounds":false,"rotation":0,"scale":1,"position":{"pointX":134.7625665974556,"pointY":192.825662823023},"width":280.1362979488457,"sublayerTransform":[1,0,0,0,0,1,0,0,0,0,1,-0.0003500791246677598,0,0,0,1],"contentsRect":{"y":0,"x":0,"width":1,"height":1},"opacity":1,"edgeAntialiasingMask":251658240,"height":120.2066474836161,"hidden":false,"anchorPoint":{"pointX":0.4810607107475373,"pointY":1.604118132063409}},"layers":[{"animations":[{"timeOffset":0,"beginTime":0.5,"repeatCount":0,"animations":[{"timeOffset":0,"from":{"scalar":0},"beginTime":0,"repeatCount":0,"fillMode":"both","duration":0.1,"autoreverses":false,"timingFunction":"EaseInEaseOut","property":"opacity","to":{"scalar":1}},{"timeOffset":0,"from":{"scalar":false},"beginTime":0,"repeatCount":0,"fillMode":"forwards","property":"hidden","autoreverses":false,"duration":0.1,"to":{"scalar":false}}],"fillMode":"both","autoreverses":false,"duration":0.1}],"layers":[],"texturedRectangle":{"singleTextureOpacity":1,"textXHeight":0,"shapePath":{"lineWidth":1,"flatness":0.6,"lineCapStyle":0,"elements":[{"type":"MoveToPoint","points":[[1.66058349609375,30.99547386169434]]},{"type":"AddCurve","points":[[16.69371891021729,7.112622261047363],[44.42330551147461,-4.111208915710449],[69.92677307128906,4.611036539077759]]},{"type":"AddCurve","points":[[116.717414855957,20.61354637145996],[131.1096649169922,91.20072937011719],[174.0364685058594,113.0917053222656]]},{"type":"AddCurve","points":[[219.9654846191406,136.5137023925781],[274.7797241210938,104.5921249389648],[280.8770141601562,51.64562225341797]]}],"windingRule":0,"lineJoinStyle":0,"miterLimit":10},"isBackgroundTexture":true,"textBaseline":0,"isVerticalText":false,"textureType":5},"initialState":{"affineTransform":[1,0,0,1,0,0],"masksToBounds":false,"rotation":0,"scale":1,"position":{"pointX":140.2625665974555,"pointY":60.32566282302298},"width":283,"sublayerTransform":[1,0,0,0,0,1,0,0,0,0,1,0,0,0,0,1],"contentsRect":{"y":0,"x":0,"width":1,"height":1},"opacity":1,"edgeAntialiasingMask":0,"height":123,"hidden":true,"anchorPoint":{"pointX":0.5,"pointY":0.5}},"texture":"7467E75221897D29B7DFD071274313BF"}]}]},"effects":[],"duration":0.1,"type":"buildIn","attributes":{"direction":11},"name":"apple:wipe","objectID":"993F33DC-C98A-475F-93CC-28BC010987B3"},{"beginTime":0.6,"baseLayer":{"animations":[],"initialState":{"affineTransform":[1,0,0,1,0,0],"masksToBounds":false,"rotation":0,"scale":1,"position":{"pointX":961.1782472382836,"pointY":384.3252266467844},"width":279.7498596980173,"sublayerTransform":[1,0,0,0,0,1,0,0,0,0,1,0,0,0,0,1],"contentsRect":{"y":0,"x":0,"width":1,"height":1},"opacity":1,"edgeAntialiasingMask":251658240,"height":125.1414275181136,"hidden":false,"anchorPoint":{"pointX":0.5,"pointY":0.5}},"objectID":"84AC8C2F-1C59-4AAB-8AEC-049EBC514902","layers":[{"animations":[],"initialState":{"affineTransform":[1,0,0,1,0,0],"masksToBounds":false,"rotation":0,"scale":1,"position":{"pointX":138.696682610725,"pointY":218.2454871122724},"width":279.7498596980173,"sublayerTransform":[1,0,0,0,0,1,0,0,0,0,1,-0.0003500791246677598,0,0,0,1],"contentsRect":{"y":0,"x":0,"width":1,"height":1},"opacity":1,"edgeAntialiasingMask":251658240,"height":125.1414275181136,"hidden":false,"anchorPoint":{"pointX":0.4957882115131156,"pointY":1.743990710675587}},"layers":[{"animations":[{"timeOffset":0,"beginTime":0.6,"repeatCount":0,"animations":[{"timeOffset":0,"from":{"scalar":0},"beginTime":0,"repeatCount":0,"fillMode":"both","duration":0.1,"autoreverses":false,"timingFunction":"EaseInEaseOut","property":"opacity","to":{"scalar":1}},{"timeOffset":0,"from":{"scalar":false},"beginTime":0,"repeatCount":0,"fillMode":"forwards","property":"hidden","autoreverses":false,"duration":0.1,"to":{"scalar":false}}],"fillMode":"both","autoreverses":false,"duration":0.1}],"layers":[],"texturedRectangle":{"singleTextureOpacity":1,"textXHeight":0,"shapePath":{"lineWidth":1,"flatness":0.6,"lineCapStyle":0,"elements":[{"type":"MoveToPoint","points":[[1.7996826171875,49.65599060058594]]},{"type":"AddCurve","points":[[5.276025533676147,20.98279571533203],[30.35832214355469,0.1856522560119629],[58.88016510009766,2.418636858463287]]},{"type":"AddCurve","points":[[121.3478088378906,7.309249401092529],[127.2634582519531,96.00365447998047],[179.6424255371094,119.893310546875]]},{"type":"AddCurve","points":[[225.2842712402344,140.7102203369141],[277.5968017578125,109.1688766479492],[280.5540466308594,59.09115219116211]]}],"windingRule":0,"lineJoinStyle":0,"miterLimit":10},"isBackgroundTexture":true,"textBaseline":0,"isVerticalText":false,"textureType":5},"initialState":{"affineTransform":[1,0,0,1,0,0],"masksToBounds":false,"rotation":0,"scale":1,"position":{"pointX":140.1966826107251,"pointY":62.24548711227237},"width":283,"sublayerTransform":[1,0,0,0,0,1,0,0,0,0,1,0,0,0,0,1],"contentsRect":{"y":0,"x":0,"width":1,"height":1},"opacity":1,"edgeAntialiasingMask":0,"height":128,"hidden":true,"anchorPoint":{"pointX":0.5,"pointY":0.5}},"texture":"756215991CBE568F2DC1BEA92A8E3E5E"}]}]},"effects":[],"duration":0.1,"type":"buildIn","attributes":{"direction":11},"name":"apple:wipe","objectID":"84AC8C2F-1C59-4AAB-8AEC-049EBC514902"},{"beginTime":0.85,"baseLayer":{"animations":[],"initialState":{"affineTransform":[1,0,0,1,0,0],"masksToBounds":false,"rotation":0,"scale":1,"position":{"pointX":963.4787490849781,"pointY":392.2262261932365},"width":274.9278275414318,"sublayerTransform":[1,0,0,0,0,1,0,0,0,0,1,0,0,0,0,1],"contentsRect":{"y":0,"x":0,"width":1,"height":1},"opacity":1,"edgeAntialiasingMask":251658240,"height":150.6850744071601,"hidden":false,"anchorPoint":{"pointX":0.5,"pointY":0.5}},"objectID":"EC9416EF-268F-43EA-86CB-9299CEB53EE9","layers":[{"animations":[],"initialState":{"affineTransform":[1,0,0,1,0,0],"masksToBounds":false,"rotation":0,"scale":1,"position":{"pointX":133.9851646857378,"pointY":223.1163110103436},"width":274.9278275414318,"sublayerTransform":[1,0,0,0,0,1,0,0,0,0,1,-0.0003500791246677598,0,0,0,1],"contentsRect":{"y":0,"x":0,"width":1,"height":1},"opacity":1,"edgeAntialiasingMask":251658240,"height":150.6850744071601,"hidden":false,"anchorPoint":{"pointX":0.4873466825236021,"pointY":1.480679568883312}},"layers":[{"animations":[{"timeOffset":0,"beginTime":0.85,"repeatCount":0,"animations":[{"timeOffset":0,"from":{"scalar":0},"beginTime":0,"repeatCount":0,"fillMode":"both","duration":0.1,"autoreverses":false,"timingFunction":"EaseInEaseOut","property":"opacity","to":{"scalar":1}},{"timeOffset":0,"from":{"scalar":false},"beginTime":0,"repeatCount":0,"fillMode":"forwards","property":"hidden","autoreverses":false,"duration":0.1,"to":{"scalar":false}}],"fillMode":"both","autoreverses":false,"duration":0.1}],"layers":[],"texturedRectangle":{"singleTextureOpacity":1,"textXHeight":0,"shapePath":{"lineWidth":1,"flatness":0.6,"lineCapStyle":0,"elements":[{"type":"MoveToPoint","points":[[1.493896484375,35.45407867431641]]},{"type":"AddCurve","points":[[7.630919933319092,14.92035865783691],[27.05141067504883,1.237159967422485],[48.44773864746094,2.459398828446865]]},{"type":"AddCurve","points":[[111.9540786743164,6.087120771408081],[105.9060592651367,94.21124267578125],[147.1050720214844,132.5331573486328]]},{"type":"AddCurve","points":[[163.1805725097656,147.4860382080078],[184.4586029052734,153.8095855712891],[205.2463073730469,151.6574249267578]]},{"type":"AddCurve","points":[[240.2146301269531,148.0371704101562],[269.8200073242188,121.7643280029297],[275.4483642578125,84.81370544433594]]}],"windingRule":0,"lineJoinStyle":0,"miterLimit":10},"isBackgroundTexture":true,"textBaseline":0,"isVerticalText":false,"textureType":5},"initialState":{"affineTransform":[1,0,0,1,0,0],"masksToBounds":false,"rotation":0,"scale":1,"position":{"pointX":137.4851646857379,"pointY":75.11631101034357},"width":277,"sublayerTransform":[1,0,0,0,0,1,0,0,0,0,1,0,0,0,0,1],"contentsRect":{"y":0,"x":0,"width":1,"height":1},"opacity":1,"edgeAntialiasingMask":0,"height":154,"hidden":true,"anchorPoint":{"pointX":0.5,"pointY":0.5}},"texture":"929BE5E0DEFB950DE48BB798E39A3BD6"}]}]},"effects":[{"beginTime":0,"baseLayer":{"animations":[],"initialState":{"affineTransform":[1,0,0,1,0,0],"masksToBounds":false,"rotation":0,"scale":1,"position":{"pointX":959.9999694824219,"pointY":396.3562469482422},"width":279.6675415039062,"sublayerTransform":[1,0,0,0,0,1,0,0,0,0,1,0,0,0,0,1],"contentsRect":{"y":0,"x":0,"width":1,"height":1},"opacity":1,"edgeAntialiasingMask":251658240,"height":133.4139709472656,"hidden":false,"anchorPoint":{"pointX":0.5,"pointY":0.5}},"objectID":"6B6E6361-950F-45CD-BB27-B2D06E8BDBB8","layers":[{"animations":[],"initialState":{"affineTransform":[1,0,0,1,0,0],"masksToBounds":false,"rotation":0,"scale":1,"position":{"pointX":139.8338012695312,"pointY":210.3507385253906},"width":279.6675415039062,"sublayerTransform":[1,0,0,0,0,1,0,0,0,0,1,-0.0003500791246677598,0,0,0,1],"contentsRect":{"y":0,"x":0,"width":1,"height":1},"opacity":1,"edgeAntialiasingMask":251658240,"height":133.4139709472656,"hidden":false,"anchorPoint":{"pointX":0.5000001091209153,"pointY":1.576676992910553}},"layers":[{"animations":[{"timeOffset":0,"beginTime":1e-100,"repeatCount":0,"animations":[{"timeOffset":0,"from":{"scalar":0},"beginTime":0,"repeatCount":0,"fillMode":"both","duration":0.75,"autoreverses":false,"timingFunction":"EaseInEaseOut","property":"opacity","to":{"scalar":1}},{"timeOffset":0,"from":{"scalar":false},"beginTime":0,"repeatCount":0,"fillMode":"forwards","property":"hidden","autoreverses":false,"duration":0.75,"to":{"scalar":false}}],"fillMode":"both","autoreverses":false,"duration":0.75}],"layers":[],"texturedRectangle":{"isBackgroundTexture":true,"singleTextureOpacity":1,"textureType":5,"textBaseline":0,"textXHeight":0,"isVerticalText":false},"initialState":{"affineTransform":[1,0,0,1,0,0],"masksToBounds":false,"rotation":0,"scale":1,"position":{"pointX":139.8338012695312,"pointY":66.85073852539062},"width":282,"sublayerTransform":[1,0,0,0,0,1,0,0,0,0,1,0,0,0,0,1],"contentsRect":{"y":0,"x":0,"width":1,"height":1},"opacity":1,"edgeAntialiasingMask":0,"height":137,"hidden":true,"anchorPoint":{"pointX":0.5,"pointY":0.5}},"texture":"8F4C6266DB43DED6E68B2936CB7B4BEA"}]}]},"effects":[],"duration":0.75,"type":"buildIn","attributes":{"direction":11},"name":"apple:wipe","objectID":"6B6E6361-950F-45CD-BB27-B2D06E8BDBB8"},{"beginTime":0,"baseLayer":{"animations":[],"initialState":{"affineTransform":[1,0,0,1,0,0],"masksToBounds":false,"rotation":0,"scale":1,"position":{"pointX":960.0000143051147,"pointY":387.7173299789429},"width":208.522367477417,"sublayerTransform":[1,0,0,0,0,1,0,0,0,0,1,0,0,0,0,1],"contentsRect":{"y":0,"x":0,"width":1,"height":1},"opacity":1,"edgeAntialiasingMask":251658240,"height":208.522367477417,"hidden":false,"anchorPoint":{"pointX":0.5,"pointY":0.5}},"objectID":"5F77C529-5C62-48DB-9420-FAA45C8257A3","layers":[{"animations":[],"initialState":{"affineTransform":[1,0,0,1,0,0],"masksToBounds":false,"rotation":0,"scale":1,"position":{"pointX":104.2611694335938,"pointY":256.5438537597656},"width":208.522367477417,"sublayerTransform":[1,0,0,0,0,1,0,0,0,0,1,-0.0003500791246677598,0,0,0,1],"contentsRect":{"y":0,"x":0,"width":1,"height":1},"opacity":1,"edgeAntialiasingMask":251658240,"height":208.522367477417,"hidden":false,"anchorPoint":{"pointX":0.4999999313976965,"pointY":1.230294173537759}},"layers":[{"animations":[{"timeOffset":0,"beginTime":1e-100,"repeatCount":0,"animations":[{"timeOffset":0,"from":{"scalar":0},"beginTime":0,"repeatCount":0,"fillMode":"both","duration":0.5,"autoreverses":false,"timingFunction":"EaseInEaseOut","property":"opacity","to":{"scalar":1}},{"timeOffset":0,"timingFunctions":[{"timingFunction":"EaseIn"},{"timingFunction":"custom","timingControlPoint1y":0,"timingControlPoint2x":0.5762442350387573,"timingControlPoint1x":0,"timingControlPoint2y":1},{"timingFunction":"custom","timingControlPoint1y":0.1000000014901161,"timingControlPoint2x":1,"timingControlPoint1x":0.25,"timingControlPoint2y":1}],"beginTime":0,"values":[{"scalar":0.001},{"scalar":1.125},{"scalar":0.952},{"scalar":0.9999999999999999}],"repeatCount":0,"fillMode":"removed","property":"transform.scale.xy","autoreverses":false,"duration":0.5,"keyTimes":[0,0.75,0.9,1]},{"timeOffset":0,"from":{"scalar":0},"beginTime":0.0001,"repeatCount":0,"fillMode":"forwards","property":"hidden","autoreverses":false,"duration":0.4999,"to":{"scalar":0}}],"fillMode":"both","autoreverses":false,"duration":0.5}],"layers":[],"texturedRectangle":{"singleTextureOpacity":1,"textXHeight":0,"shapePath":{"lineWidth":1,"flatness":0.6,"lineCapStyle":0,"elements":[{"type":"MoveToPoint","points":[[179.7238043224534,31.99353996160426]]},{"type":"AddCurve","points":[[220.4403292842799,72.71006492343076],[220.4403292842799,138.724595034455],[179.7238043224534,179.4411199962815]]},{"type":"AddCurve","points":[[139.0072793606269,220.157644958108],[72.99274924960264,220.157644958108],[32.27622428777613,179.4411199962815]]},{"type":"AddCurve","points":[[-8.440300674050377,138.724595034455],[-8.440300674050377,72.71006492343076],[32.27622428777613,31.99353996160426]]},{"type":"AddCurve","points":[[72.99274924960264,-8.722985000222252],[139.0072793606269,-8.722985000222252],[179.7238043224534,31.99353996160426]]},{"type":"CloseSubpath"},{"type":"MoveToPoint","points":[[179.7238043224534,31.99353996160426]]}],"windingRule":0,"lineJoinStyle":0,"miterLimit":10},"isBackgroundTexture":true,"textBaseline":0,"isVerticalText":false,"textureType":5},"initialState":{"affineTransform":[1,0,0,1,0,0],"masksToBounds":false,"rotation":0,"scale":1,"position":{"pointX":104.2611694335938,"pointY":104.0438537597656},"width":212,"sublayerTransform":[1,0,0,0,0,1,0,0,0,0,1,0,0,0,0,1],"contentsRect":{"y":0,"x":0,"width":1,"height":1},"opacity":1,"edgeAntialiasingMask":0,"height":211,"hidden":true,"anchorPoint":{"pointX":0.5,"pointY":0.5}},"texture":"5DA4B67B297C5D67C140E59FAA2B2FA7"}]}]},"effects":[],"duration":0.5,"type":"buildIn","name":"apple:bc-pop","objectID":"5F77C529-5C62-48DB-9420-FAA45C8257A3"},{"beginTime":0,"baseLayer":{"animations":[],"initialState":{"affineTransform":[1,0,0,1,0,0],"masksToBounds":false,"rotation":0,"scale":1,"position":{"pointX":877.2184451222423,"pointY":412.2959032449944},"width":3,"sublayerTransform":[1,0,0,0,0,1,0,0,0,0,1,0,0,0,0,1],"contentsRect":{"y":0,"x":0,"width":1,"height":1},"opacity":1,"edgeAntialiasingMask":251658240,"height":168.7689915485826,"hidden":false,"anchorPoint":{"pointX":0.5,"pointY":0.5}},"objectID":"8DA82F3D-0625-4683-A19F-0FC20463376E","layers":[{"animations":[],"initialState":{"affineTransform":[1,0,0,1,0,0],"masksToBounds":false,"rotation":0,"scale":1,"position":{"pointX":84.28155487775769,"pointY":212.0885925292969},"width":3,"sublayerTransform":[1,0,0,0,0,1,0,0,0,0,1,-0.0003500791246677598,0,0,0,1],"contentsRect":{"y":0,"x":0,"width":1,"height":1},"opacity":1,"edgeAntialiasingMask":251658240,"height":168.7689915485826,"hidden":false,"anchorPoint":{"pointX":28.09385162591923,"pointY":1.256679859156735}},"layers":[{"animations":[{"timeOffset":0,"beginTime":1e-100,"repeatCount":0,"animations":[{"timeOffset":0,"from":{"scalar":0},"beginTime":0,"repeatCount":0,"fillMode":"both","duration":0.5,"autoreverses":false,"timingFunction":"EaseInEaseOut","property":"opacity","to":{"scalar":1}},{"timeOffset":0,"from":{"scalar":false},"beginTime":0,"repeatCount":0,"fillMode":"forwards","property":"hidden","autoreverses":false,"duration":0.5,"to":{"scalar":false}}],"fillMode":"both","autoreverses":false,"duration":0.5}],"layers":[],"texturedRectangle":{"isBackgroundTexture":true,"singleTextureOpacity":1,"textureType":5,"textBaseline":0,"textXHeight":0,"isVerticalText":false},"initialState":{"affineTransform":[1,0,0,1,0,0],"masksToBounds":false,"rotation":0,"scale":1,"position":{"pointX":1.281554877757685,"pointY":84.08859252929688},"width":6,"sublayerTransform":[1,0,0,0,0,1,0,0,0,0,1,0,0,0,0,1],"contentsRect":{"y":0,"x":0,"width":1,"height":1},"opacity":1,"edgeAntialiasingMask":0,"height":172,"hidden":true,"anchorPoint":{"pointX":0.5,"pointY":0.5}},"texture":"6003BE25012E12496F5C7D8E9D304B23"}]}]},"effects":[],"duration":0.5,"type":"buildIn","attributes":{"direction":14},"name":"apple:wipe","objectID":"8DA82F3D-0625-4683-A19F-0FC20463376E"},{"beginTime":0.25,"baseLayer":{"animations":[],"initialState":{"affineTransform":[1,0,0,1,0,0],"masksToBounds":false,"rotation":0,"scale":1,"position":{"pointX":876.2184495925903,"pointY":332.0966844558716},"width":16.46290016174316,"sublayerTransform":[1,0,0,0,0,1,0,0,0,0,1,0,0,0,0,1],"contentsRect":{"y":0,"x":0,"width":1,"height":1},"opacity":1,"edgeAntialiasingMask":251658240,"height":16.46290016174316,"hidden":false,"anchorPoint":{"pointX":0.5,"pointY":0.5}},"objectID":"77545697-D8C2-43BB-A862-3EFC78A764EE","layers":[{"animations":[],"initialState":{"affineTransform":[1,0,0,1,0,0],"masksToBounds":false,"rotation":0,"scale":1,"position":{"pointX":92.01300048828125,"pointY":216.134765625},"width":16.46290016174316,"sublayerTransform":[1,0,0,0,0,1,0,0,0,0,1,-0.0003500791246677598,0,0,0,1],"contentsRect":{"y":0,"x":0,"width":1,"height":1},"opacity":1,"edgeAntialiasingMask":251658240,"height":16.46290016174316,"hidden":false,"anchorPoint":{"pointX":5.589112464042211,"pointY":13.12859602509517}},"layers":[{"animations":[{"timeOffset":0,"beginTime":0.25,"repeatCount":0,"animations":[{"timeOffset":0,"from":{"scalar":0},"beginTime":0,"repeatCount":0,"fillMode":"both","duration":0.75,"autoreverses":false,"timingFunction":"EaseInEaseOut","property":"opacity","to":{"scalar":1}},{"timeOffset":0,"timingFunctions":[{"timingFunction":"EaseIn"},{"timingFunction":"custom","timingControlPoint1y":0,"timingControlPoint2x":0.5762442350387573,"timingControlPoint1x":0,"timingControlPoint2y":1},{"timingFunction":"custom","timingControlPoint1y":0.1000000014901161,"timingControlPoint2x":1,"timingControlPoint1x":0.25,"timingControlPoint2y":1}],"beginTime":0,"values":[{"scalar":0.001},{"scalar":1.125},{"scalar":0.952},{"scalar":0.9999999999999999}],"repeatCount":0,"fillMode":"removed","property":"transform.scale.xy","autoreverses":false,"duration":0.75,"keyTimes":[0,0.43,0.667,1]},{"timeOffset":0,"from":{"scalar":0},"beginTime":0.0001,"repeatCount":0,"fillMode":"forwards","property":"hidden","autoreverses":false,"duration":0.7499,"to":{"scalar":0}}],"fillMode":"both","autoreverses":false,"duration":0.75}],"layers":[],"texturedRectangle":{"isBackgroundTexture":true,"singleTextureOpacity":1,"textureType":5,"textBaseline":0,"textXHeight":0,"isVerticalText":false},"initialState":{"affineTransform":[1,0,0,1,0,0],"masksToBounds":false,"rotation":0,"scale":1,"position":{"pointX":8.01300048828125,"pointY":8.134765625},"width":20,"sublayerTransform":[1,0,0,0,0,1,0,0,0,0,1,0,0,0,0,1],"contentsRect":{"y":0,"x":0,"width":1,"height":1},"opacity":1,"edgeAntialiasingMask":0,"height":20,"hidden":true,"anchorPoint":{"pointX":0.5,"pointY":0.5}},"texture":"EF7FAFEAAEFF9E3C955689FF02D1E025"}]}]},"effects":[],"duration":0.75,"type":"buildIn","name":"apple:pop","objectID":"77545697-D8C2-43BB-A862-3EFC78A764EE"}],"duration":0.1,"type":"buildIn","attributes":{"direction":11},"name":"apple:wipe","objectID":"EC9416EF-268F-43EA-86CB-9299CEB53EE9"}],"duration":0.1,"type":"buildOut","attributes":{"direction":12},"name":"apple:wipe","objectID":"DE77DBDA-950D-4A20-A519-757723F879C5"}],"automaticPlay":false,"hyperlinks":[],"accessibility":[{"text":"pasted-image.pdf","targetRectangle":{"y":979.5711669921875,"x":625.4781646728516,"width":597.75,"height":87.88682846724987}},{"text":"pasted-image.pdf","targetRectangle":{"y":81.82647368311882,"x":652.4980662874877,"width":61.13253580033779,"height":896.1971978545189}},{"text":"pasted-image.pdf","targetRectangle":{"y":287.9541931152344,"x":843.6536254882812,"width":243.3038177490234,"height":201.3548889160156}},{"text":"GET STARTED","targetRectangle":{"y":932.6624755859375,"x":894.4629360454678,"width":132.9120002950431,"height":22}},{"text":"pasted-image.pdf","targetRectangle":{"y":273.8971557617188,"x":843.6536254882812,"width":243.3038177490234,"height":201.3548889160156}},{"text":"MAKE SENSE OF WHAT’S HAPPENING IN YOUR BODY","targetRectangle":{"y":556.0081176757812,"x":1270.562760893702,"width":321.8600007212162,"height":54}},{"text":"STAY ON TOP OF YOUR CHEMO REGIMEN","targetRectangle":{"y":556.0081176757812,"x":827.6809997124076,"width":274.3180006556511,"height":54}},{"text":"pasted-image.pdf","targetRectangle":{"y":300.1825866699219,"x":843.6536254882812,"width":243.3038177490234,"height":201.3548889160156}},{"text":"The more information you track,","targetRectangle":{"y":644.0322265625,"x":1300.252776489258,"width":260.2799999999997,"height":26.40000104904175}},{"text":"the more you’ll be able to see patterns in your cycle and predict how you’ll feel","targetRectangle":{"y":670.4322276115417,"x":1265.746776489258,"width":333.6119999999999,"height":52.8000020980835}},{"text":"Track and monitor your side effects wherever, whenever","targetRectangle":{"y":644.0322265625,"x":815.640015258789,"width":293.0399999999998,"height":52.8000020980835}}],"baseLayer":{"animations":[],"initialState":{"affineTransform":[1,0,0,1,0,0],"masksToBounds":false,"rotation":0,"scale":1,"position":{"pointX":960,"pointY":540},"width":1920,"sublayerTransform":[1,0,0,0,0,1,0,0,0,0,1,0,0,0,0,1],"contentsRect":{"y":0,"x":0,"width":1,"height":1},"opacity":1,"edgeAntialiasingMask":251658240,"height":1080,"hidden":false,"anchorPoint":{"pointX":0.5,"pointY":0.5}},"layers":[{"animations":[],"initialState":{"affineTransform":[1,0,0,1,0,0],"masksToBounds":false,"rotation":0,"scale":1,"position":{"pointX":960,"pointY":540},"width":1920,"sublayerTransform":[1,0,0,0,0,1,0,0,0,0,1,0,0,0,0,1],"contentsRect":{"y":0,"x":0,"width":1,"height":1},"opacity":1,"edgeAntialiasingMask":251658240,"height":1080,"hidden":false,"anchorPoint":{"pointX":0.5,"pointY":0.5}},"layers":[{"animations":[],"initialState":{"affineTransform":[1,0,0,1,0,0],"masksToBounds":false,"rotation":0,"scale":1,"position":{"pointX":960,"pointY":540},"width":1920,"sublayerTransform":[1,0,0,0,0,1,0,0,0,0,1,0,0,0,0,1],"contentsRect":{"y":0,"x":0,"width":1,"height":1},"opacity":1,"edgeAntialiasingMask":251658240,"height":1080,"hidden":false,"anchorPoint":{"pointX":0.5,"pointY":0.5}},"layers":[{"animations":[],"layers":[],"texturedRectangle":{"isBackgroundTexture":true,"singleTextureOpacity":1,"textureType":1,"textBaseline":0,"textXHeight":0,"isVerticalText":false},"initialState":{"affineTransform":[1,0,0,1,0,0],"masksToBounds":false,"rotation":0,"scale":1,"position":{"pointX":960,"pointY":540},"width":1920,"sublayerTransform":[1,0,0,0,0,1,0,0,0,0,1,0,0,0,0,1],"contentsRect":{"y":0,"x":0,"width":1,"height":1},"opacity":1,"edgeAntialiasingMask":0,"height":1080,"hidden":false,"anchorPoint":{"pointX":0.5,"pointY":0.5}},"texture":"C25C25FF361FB24FC35F6B120D2F252D"}]}]},{"animations":[],"initialState":{"affineTransform":[1,0,0,1,0,0],"masksToBounds":false,"rotation":0,"scale":1,"position":{"pointX":960,"pointY":540},"width":1920,"sublayerTransform":[1,0,0,0,0,1,0,0,0,0,1,0,0,0,0,1],"contentsRect":{"y":0,"x":0,"width":1,"height":1},"opacity":1,"edgeAntialiasingMask":251658240,"height":1080,"hidden":false,"anchorPoint":{"pointX":0.5,"pointY":0.5}},"layers":[{"animations":[],"initialState":{"affineTransform":[1,0,0,1,0,0],"masksToBounds":false,"rotation":0,"scale":1,"position":{"pointX":957.6562747955322,"pointY":540.0000476837158},"width":1970.038604736328,"sublayerTransform":[1,0,0,0,0,1,0,0,0,0,1,0,0,0,0,1],"contentsRect":{"y":0,"x":0,"width":1,"height":1},"opacity":1,"edgeAntialiasingMask":251658240,"height":1132.538223266602,"hidden":false,"anchorPoint":{"pointX":0.5,"pointY":0.5}},"objectID":"930F740E-415C-4983-8450-FC8C0B67DE8B","layers":[{"animations":[],"layers":[],"texturedRectangle":{"singleTextureOpacity":1,"textXHeight":0,"shapePath":{"lineWidth":1,"flatness":0.6,"lineCapStyle":0,"elements":[{"type":"MoveToPoint","points":[[1.636972427368164,1.730936050415039]]},{"type":"AddLine","points":[[1971.675577163696,1.730936050415039]]},{"type":"AddLine","points":[[1971.675577163696,1134.269159317017]]},{"type":"AddLine","points":[[1.636972427368164,1134.269159317017]]},{"type":"CloseSubpath"},{"type":"MoveToPoint","points":[[1.636972427368164,1.730936050415039]]}],"windingRule":0,"lineJoinStyle":0,"miterLimit":10},"isBackgroundTexture":true,"textBaseline":0,"isVerticalText":false,"textureType":5},"initialState":{"affineTransform":[1,0,0,1,0,0],"masksToBounds":false,"rotation":0,"scale":1,"position":{"pointX":984.8630275726318,"pointY":566.269063949585},"width":1973,"sublayerTransform":[1,0,0,0,0,1,0,0,0,0,1,0,0,0,0,1],"contentsRect":{"y":0,"x":0,"width":1,"height":1},"opacity":1,"edgeAntialiasingMask":0,"height":1136,"hidden":false,"anchorPoint":{"pointX":0.5,"pointY":0.5}},"texture":"E8108C6FFEDFAFCA802AAB1755777F55"}]}]},{"animations":[],"initialState":{"affineTransform":[1,0,0,1,0,0],"masksToBounds":false,"rotation":0,"scale":1,"position":{"pointX":960,"pointY":540},"width":1920,"sublayerTransform":[1,0,0,0,0,1,0,0,0,0,1,0,0,0,0,1],"contentsRect":{"y":0,"x":0,"width":1,"height":1},"opacity":1,"edgeAntialiasingMask":251658240,"height":1080,"hidden":false,"anchorPoint":{"pointX":0.5,"pointY":0.5}},"layers":[{"animations":[],"initialState":{"affineTransform":[1,0,0,1,0,0],"masksToBounds":false,"rotation":0,"scale":1,"position":{"pointX":959.9999895095825,"pointY":540.0000019073486},"width":494.6165561676025,"sublayerTransform":[1,0,0,0,0,1,0,0,0,0,1,0,0,0,0,1],"contentsRect":{"y":0,"x":0,"width":1,"height":1},"opacity":1,"edgeAntialiasingMask":251658240,"height":879.3183326721191,"hidden":false,"anchorPoint":{"pointX":0.5,"pointY":0.5}},"objectID":"A583B5E4-12E7-4616-8940-7DA9D2FD8BD9","layers":[{"animations":[],"layers":[],"texturedRectangle":{"singleTextureOpacity":1,"textXHeight":0,"shapePath":{"lineWidth":1,"flatness":0.6,"lineCapStyle":0,"elements":[{"type":"MoveToPoint","points":[[62.69171142578125,62.34083557128906]]},{"type":"AddLine","points":[[557.3082675933838,62.34083557128906]]},{"type":"AddLine","points":[[557.3082675933838,941.6591682434082]]},{"type":"AddLine","points":[[62.69171142578125,941.6591682434082]]},{"type":"CloseSubpath"},{"type":"MoveToPoint","points":[[62.69171142578125,62.34083557128906]]}],"windingRule":0,"lineJoinStyle":0,"miterLimit":10},"isBackgroundTexture":true,"textBaseline":0,"isVerticalText":false,"textureType":5},"initialState":{"affineTransform":[1,0,0,1,0,0],"masksToBounds":false,"rotation":0,"scale":1,"position":{"pointX":247.3082885742188,"pointY":439.6591644287109},"width":620,"sublayerTransform":[1,0,0,0,0,1,0,0,0,0,1,0,0,0,0,1],"contentsRect":{"y":0,"x":0,"width":1,"height":1},"opacity":1,"edgeAntialiasingMask":0,"height":1004,"hidden":false,"anchorPoint":{"pointX":0.5,"pointY":0.5}},"texture":"ADCFEBF1D3B6E437AB2DA1D0FC51202B"}]}]},{"animations":[],"initialState":{"affineTransform":[1,0,0,1,0,0],"masksToBounds":false,"rotation":0,"scale":1,"position":{"pointX":960,"pointY":540},"width":1920,"sublayerTransform":[1,0,0,0,0,1,0,0,0,0,1,0,0,0,0,1],"contentsRect":{"y":0,"x":0,"width":1,"height":1},"opacity":1,"edgeAntialiasingMask":251658240,"height":1080,"hidden":false,"anchorPoint":{"pointX":0.5,"pointY":0.5}},"layers":[{"animations":[],"initialState":{"affineTransform":[1,0,0,1,0,0],"masksToBounds":false,"rotation":0,"scale":1,"position":{"pointX":960.0000381469727,"pointY":943.798351764679},"width":493.4650421142578,"sublayerTransform":[1,0,0,0,0,1,0,0,0,0,1,0,0,0,0,1],"contentsRect":{"y":0,"x":0,"width":1,"height":1},"opacity":1,"edgeAntialiasingMask":251658240,"height":72.51894474029541,"hidden":false,"anchorPoint":{"pointX":0.5,"pointY":0.5}},"objectID":"C1F8F630-49CE-40F0-9E8E-989F9DC38C66","layers":[{"animations":[],"layers":[],"texturedRectangle":{"singleTextureOpacity":1,"textXHeight":0,"shapePath":{"lineWidth":1,"flatness":0.6,"lineCapStyle":0,"elements":[{"type":"MoveToPoint","points":[[19.26751708984375,27.53887939453125]]},{"type":"AddLine","points":[[512.7325592041016,27.53887939453125]]},{"type":"AddLine","points":[[512.7325592041016,100.0578241348267]]},{"type":"AddLine","points":[[19.26751708984375,100.0578241348267]]},{"type":"CloseSubpath"},{"type":"MoveToPoint","points":[[19.26751708984375,27.53887939453125]]}],"windingRule":0,"lineJoinStyle":0,"miterLimit":10},"isBackgroundTexture":true,"textBaseline":0,"isVerticalText":false,"textureType":5},"initialState":{"affineTransform":[1,0,0,1,0,0],"masksToBounds":false,"rotation":0,"scale":1,"position":{"pointX":246.7324829101562,"pointY":36.46112060546875},"width":532,"sublayerTransform":[1,0,0,0,0,1,0,0,0,0,1,0,0,0,0,1],"contentsRect":{"y":0,"x":0,"width":1,"height":1},"opacity":1,"edgeAntialiasingMask":0,"height":128,"hidden":false,"anchorPoint":{"pointX":0.5,"pointY":0.5}},"texture":"BA8C3DFEF190BF7F1D086DAA7A538894"}]}]},{"animations":[],"initialState":{"affineTransform":[1,0,0,1,0,0],"masksToBounds":false,"rotation":0,"scale":1,"position":{"pointX":960,"pointY":540},"width":1920,"sublayerTransform":[1,0,0,0,0,1,0,0,0,0,1,0,0,0,0,1],"contentsRect":{"y":0,"x":0,"width":1,"height":1},"opacity":1,"edgeAntialiasingMask":251658240,"height":1080,"hidden":false,"anchorPoint":{"pointX":0.5,"pointY":0.5}},"layers":[{"animations":[],"initialState":{"affineTransform":[1,0,0,1,0,0],"masksToBounds":false,"rotation":0,"scale":1,"position":{"pointX":960.0189354419708,"pointY":943.7983475327492},"width":193.5814499855042,"sublayerTransform":[1,0,0,0,0,1,0,0,0,0,1,0,0,0,0,1],"contentsRect":{"y":0,"x":0,"width":1,"height":1},"opacity":1,"edgeAntialiasingMask":251658240,"height":34.27174389362335,"hidden":false,"anchorPoint":{"pointX":0.5,"pointY":0.5}},"objectID":"D609D6EC-A0A5-4F6A-9F51-BA778D1F8204","layers":[{"animations":[],"layers":[],"texturedRectangle":{"singleTextureOpacity":1,"textXHeight":0.5728235294117647,"textBaseline":0.8695570440853343,"isBackgroundTexture":true,"isVerticalText":false,"textColor":[0.9999966025352478,0.9999999403953552,0.9999999403953552,1],"textureType":6},"initialState":{"affineTransform":[1,0,0,1,0,0],"masksToBounds":false,"rotation":0,"scale":1,"position":{"pointX":97.27178955078125,"pointY":18.8375244140625},"width":133,"sublayerTransform":[1,0,0,0,0,1,0,0,0,0,1,0,0,0,0,1],"contentsRect":{"y":0,"x":0,"width":1,"height":1},"opacity":1,"edgeAntialiasingMask":0,"height":17,"hidden":false,"anchorPoint":{"pointX":0.5,"pointY":0.5}},"texture":"1011069C30B6C897C1AAFA9832BE9C1F"}]}]},{"animations":[],"initialState":{"affineTransform":[1,0,0,1,0,0],"masksToBounds":false,"rotation":0,"scale":1,"position":{"pointX":960,"pointY":540},"width":1920,"sublayerTransform":[1,0,0,0,0,1,0,0,0,0,1,0,0,0,0,1],"contentsRect":{"y":0,"x":0,"width":1,"height":1},"opacity":1,"edgeAntialiasingMask":251658240,"height":1080,"hidden":false,"anchorPoint":{"pointX":0.5,"pointY":0.5}},"layers":[{"animations":[],"initialState":{"affineTransform":[1,0,0,1,0,0],"masksToBounds":false,"rotation":0,"scale":1,"position":{"pointX":984.4869403839111,"pointY":1168.18586397171},"width":396.4150428771973,"sublayerTransform":[1,0,0,0,0,1,0,0,0,0,1,0,0,0,0,1],"contentsRect":{"y":0,"x":0,"width":1,"height":1},"opacity":1,"edgeAntialiasingMask":251658240,"height":72.51894474029541,"hidden":false,"anchorPoint":{"pointX":0.5,"pointY":0.5}},"objectID":"6DF1A538-C7E7-47EC-9AD8-376BCDD6FD70","layers":[{"animations":[],"layers":[],"texturedRectangle":{"singleTextureOpacity":1,"textXHeight":0,"shapePath":{"lineWidth":1,"flatness":0.6,"lineCapStyle":0,"elements":[{"type":"MoveToPoint","points":[[19.2794189453125,27.9263916015625]]},{"type":"AddLine","points":[[415.6944618225098,27.9263916015625]]},{"type":"AddLine","points":[[415.6944618225098,100.4453363418579]]},{"type":"AddLine","points":[[19.2794189453125,100.4453363418579]]},{"type":"CloseSubpath"},{"type":"MoveToPoint","points":[[19.2794189453125,27.9263916015625]]}],"windingRule":0,"lineJoinStyle":0,"miterLimit":10},"isBackgroundTexture":true,"textBaseline":0,"isVerticalText":false,"textureType":5},"initialState":{"affineTransform":[1,0,0,1,0,0],"masksToBounds":false,"rotation":0,"scale":1,"position":{"pointX":198.2205810546875,"pointY":36.0736083984375},"width":435,"sublayerTransform":[1,0,0,0,0,1,0,0,0,0,1,0,0,0,0,1],"contentsRect":{"y":0,"x":0,"width":1,"height":1},"opacity":1,"edgeAntialiasingMask":0,"height":128,"hidden":false,"anchorPoint":{"pointX":0.5,"pointY":0.5}},"texture":"719309C111914AE6F7566FCC1DFFFE8A"}]}]},{"animations":[],"initialState":{"affineTransform":[1,0,0,1,0,0],"masksToBounds":false,"rotation":0,"scale":1,"position":{"pointX":960,"pointY":540},"width":1920,"sublayerTransform":[1,0,0,0,0,1,0,0,0,0,1,0,0,0,0,1],"contentsRect":{"y":0,"x":0,"width":1,"height":1},"opacity":1,"edgeAntialiasingMask":251658240,"height":1080,"hidden":false,"anchorPoint":{"pointX":0.5,"pointY":0.5}},"layers":[{"animations":[],"initialState":{"affineTransform":[1,0,0,1,0,0],"masksToBounds":false,"rotation":0,"scale":1,"position":{"pointX":974.6147544521936,"pointY":-72.76745202211788},"width":208.5223750125472,"sublayerTransform":[1,0,0,0,0,1,0,0,0,0,1,0,0,0,0,1],"contentsRect":{"y":0,"x":0,"width":1,"height":1},"opacity":1,"edgeAntialiasingMask":251658240,"height":98.9879528063589,"hidden":false,"anchorPoint":{"pointX":0.5,"pointY":0.5}},"objectID":"ECB4A9B3-ADF6-459F-A5CC-D4EF460334B8","layers":[{"animations":[],"layers":[],"texturedRectangle":{"singleTextureOpacity":1,"textXHeight":0,"shapePath":{"lineWidth":1,"flatness":0.6,"lineCapStyle":0,"elements":[{"type":"MoveToPoint","points":[[2.67730712890625,29.4533519744873]]},{"type":"AddCurve","points":[[14.37115859985352,7.511600017547607],[37.15087890625,-1.935738563537598],[57.80773544311523,6.046540021896362]]},{"type":"AddCurve","points":[[94.72976684570312,20.31404876708984],[103.0215530395508,81.30989074707031],[138.2292633056641,95.804931640625]]},{"type":"AddCurve","points":[[166.3869171142578,107.3974533081055],[198.6883850097656,88.47709655761719],[208.4325561523438,54.02298355102539]]}],"windingRule":0,"lineJoinStyle":0,"miterLimit":10},"isBackgroundTexture":true,"textBaseline":0,"isVerticalText":false,"textureType":5},"initialState":{"affineTransform":[1,0,0,1,0,0],"masksToBounds":false,"rotation":0,"scale":1,"position":{"pointX":104.14643305408,"pointY":49.26142842529732},"width":211,"sublayerTransform":[1,0,0,0,0,1,0,0,0,0,1,0,0,0,0,1],"contentsRect":{"y":0,"x":0,"width":1,"height":1},"opacity":1,"edgeAntialiasingMask":0,"height":102,"hidden":false,"anchorPoint":{"pointX":0.5,"pointY":0.5}},"texture":"FAF6157F977BEC9FC13CB211C147E541"}]}]},{"animations":[],"initialState":{"affineTransform":[1,0,0,1,0,0],"masksToBounds":false,"rotation":0,"scale":1,"position":{"pointX":960,"pointY":540},"width":1920,"sublayerTransform":[1,0,0,0,0,1,0,0,0,0,1,0,0,0,0,1],"contentsRect":{"y":0,"x":0,"width":1,"height":1},"opacity":1,"edgeAntialiasingMask":251658240,"height":1080,"hidden":false,"anchorPoint":{"pointX":0.5,"pointY":0.5}},"layers":[{"animations":[],"initialState":{"affineTransform":[1,0,0,1,0,0],"masksToBounds":false,"rotation":0,"scale":1,"position":{"pointX":984.4869661182165,"pointY":857.1546296924353},"width":9.227960556745529,"sublayerTransform":[1,0,0,0,0,1,0,0,0,0,1,0,0,0,0,1],"contentsRect":{"y":0,"x":0,"width":1,"height":1},"opacity":1,"edgeAntialiasingMask":251658240,"height":9.227960556745529,"hidden":false,"anchorPoint":{"pointX":0.5,"pointY":0.5}},"objectID":"095DB4C5-9D10-46E1-B44B-E049DF7295AB","layers":[{"animations":[],"layers":[],"texturedRectangle":{"singleTextureOpacity":1,"textXHeight":0,"shapePath":{"lineWidth":1,"flatness":0.6,"lineCapStyle":0,"elements":[{"type":"MoveToPoint","points":[[9.749542860481142,2.892052950170637]]},{"type":"AddCurve","points":[[11.55141424195858,4.693924331648077],[11.55141424195858,7.615335053222452],[9.749542860481142,9.417206434699892]]},{"type":"AddCurve","points":[[7.947671479003702,11.21907781617733],[5.026260757429327,11.21907781617733],[3.224389375951887,9.417206434699892]]},{"type":"AddCurve","points":[[1.422517994474447,7.615335053222452],[1.422517994474447,4.693924331648077],[3.224389375951887,2.892052950170637]]},{"type":"AddCurve","points":[[5.026260757429327,1.090181568693197],[7.947671479003702,1.090181568693197],[9.749542860481142,2.892052950170637]]},{"type":"CloseSubpath"},{"type":"MoveToPoint","points":[[9.749542860481142,2.892052950170637]]}],"windingRule":0,"lineJoinStyle":0,"miterLimit":10},"isBackgroundTexture":true,"textBaseline":0,"isVerticalText":false,"textureType":5},"initialState":{"affineTransform":[1,0,0,1,0,0],"masksToBounds":false,"rotation":0,"scale":1,"position":{"pointX":4.62701416015625,"pointY":4.4593505859375},"width":13,"sublayerTransform":[1,0,0,0,0,1,0,0,0,0,1,0,0,0,0,1],"contentsRect":{"y":0,"x":0,"width":1,"height":1},"opacity":1,"edgeAntialiasingMask":0,"height":12,"hidden":false,"anchorPoint":{"pointX":0.5,"pointY":0.5}},"texture":"608E87E48DF73C6480F2F34D9C3AF40F"}]}]},{"animations":[],"initialState":{"affineTransform":[1,0,0,1,0,0],"masksToBounds":false,"rotation":0,"scale":1,"position":{"pointX":960,"pointY":540},"width":1920,"sublayerTransform":[1,0,0,0,0,1,0,0,0,0,1,0,0,0,0,1],"contentsRect":{"y":0,"x":0,"width":1,"height":1},"opacity":1,"edgeAntialiasingMask":251658240,"height":1080,"hidden":false,"anchorPoint":{"pointX":0.5,"pointY":0.5}},"layers":[{"animations":[],"initialState":{"affineTransform":[1,0,0,1,0,0],"masksToBounds":false,"rotation":0,"scale":1,"position":{"pointX":1004.231411918998,"pointY":857.1546296924353},"width":9.227960556745529,"sublayerTransform":[1,0,0,0,0,1,0,0,0,0,1,0,0,0,0,1],"contentsRect":{"y":0,"x":0,"width":1,"height":1},"opacity":1,"edgeAntialiasingMask":251658240,"height":9.227960556745529,"hidden":false,"anchorPoint":{"pointX":0.5,"pointY":0.5}},"objectID":"80D0AF66-EF53-4946-8A42-9643A5E457B6","layers":[{"animations":[],"layers":[],"texturedRectangle":{"singleTextureOpacity":1,"textXHeight":0,"shapePath":{"lineWidth":1,"flatness":0.6,"lineCapStyle":0,"elements":[{"type":"MoveToPoint","points":[[9.493988661262392,2.892052950170637]]},{"type":"AddCurve","points":[[11.29586004273983,4.693924331648077],[11.29586004273983,7.615335053222452],[9.493988661262392,9.417206434699892]]},{"type":"AddCurve","points":[[7.692117279784952,11.21907781617733],[4.770706558210577,11.21907781617733],[2.968835176733137,9.417206434699892]]},{"type":"AddCurve","points":[[1.166963795255697,7.615335053222452],[1.166963795255697,4.693924331648077],[2.968835176733137,2.892052950170637]]},{"type":"AddCurve","points":[[4.770706558210577,1.090181568693197],[7.692117279784952,1.090181568693197],[9.493988661262392,2.892052950170637]]},{"type":"CloseSubpath"},{"type":"MoveToPoint","points":[[9.493988661262392,2.892052950170637]]}],"windingRule":0,"lineJoinStyle":0,"miterLimit":10},"isBackgroundTexture":true,"textBaseline":0,"isVerticalText":false,"textureType":5},"initialState":{"affineTransform":[1,0,0,1,0,0],"masksToBounds":false,"rotation":0,"scale":1,"position":{"pointX":4.382568359375,"pointY":4.4593505859375},"width":12,"sublayerTransform":[1,0,0,0,0,1,0,0,0,0,1,0,0,0,0,1],"contentsRect":{"y":0,"x":0,"width":1,"height":1},"opacity":1,"edgeAntialiasingMask":0,"height":12,"hidden":false,"anchorPoint":{"pointX":0.5,"pointY":0.5}},"texture":"160AA01FBE51955F6A26691F497DC735"}]}]},{"animations":[],"initialState":{"affineTransform":[1,0,0,1,0,0],"masksToBounds":false,"rotation":0,"scale":1,"position":{"pointX":960,"pointY":540},"width":1920,"sublayerTransform":[1,0,0,0,0,1,0,0,0,0,1,0,0,0,0,1],"contentsRect":{"y":0,"x":0,"width":1,"height":1},"opacity":1,"edgeAntialiasingMask":251658240,"height":1080,"hidden":false,"anchorPoint":{"pointX":0.5,"pointY":0.5}},"layers":[{"animations":[],"initialState":{"affineTransform":[1,0,0,1,0,0],"masksToBounds":false,"rotation":0,"scale":1,"position":{"pointX":944.9980134814978,"pointY":857.1546296924353},"width":9.227960556745529,"sublayerTransform":[1,0,0,0,0,1,0,0,0,0,1,0,0,0,0,1],"contentsRect":{"y":0,"x":0,"width":1,"height":1},"opacity":1,"edgeAntialiasingMask":251658240,"height":9.227960556745529,"hidden":false,"anchorPoint":{"pointX":0.5,"pointY":0.5}},"objectID":"B57676ED-2D4A-4DEA-A62C-280587CBC78B","layers":[{"animations":[],"layers":[],"texturedRectangle":{"singleTextureOpacity":1,"textXHeight":0,"shapePath":{"lineWidth":1,"flatness":0.6,"lineCapStyle":0,"elements":[{"type":"MoveToPoint","points":[[9.260590223762392,2.892052950170637]]},{"type":"AddCurve","points":[[11.06246160523983,4.693924331648077],[11.06246160523983,7.615335053222452],[9.260590223762392,9.417206434699892]]},{"type":"AddCurve","points":[[7.458718842284952,11.21907781617733],[4.537308120710577,11.21907781617733],[2.735436739233137,9.417206434699892]]},{"type":"AddCurve","points":[[0.9335653577556968,7.615335053222452],[0.9335653577556968,4.693924331648077],[2.735436739233137,2.892052950170637]]},{"type":"AddCurve","points":[[4.537308120710577,1.090181568693197],[7.458718842284952,1.090181568693197],[9.260590223762392,2.892052950170637]]},{"type":"CloseSubpath"},{"type":"MoveToPoint","points":[[9.260590223762392,2.892052950170637]]}],"windingRule":0,"lineJoinStyle":0,"miterLimit":10},"isBackgroundTexture":true,"textBaseline":0,"isVerticalText":false,"textureType":5},"initialState":{"affineTransform":[1,0,0,1,0,0],"masksToBounds":false,"rotation":0,"scale":1,"position":{"pointX":4.615966796875,"pointY":4.4593505859375},"width":12,"sublayerTransform":[1,0,0,0,0,1,0,0,0,0,1,0,0,0,0,1],"contentsRect":{"y":0,"x":0,"width":1,"height":1},"opacity":1,"edgeAntialiasingMask":0,"height":12,"hidden":false,"anchorPoint":{"pointX":0.5,"pointY":0.5}},"texture":"C3B1ACA516970DB3F64AC2B88D866E93"}]}]},{"animations":[],"initialState":{"affineTransform":[1,0,0,1,0,0],"masksToBounds":false,"rotation":0,"scale":1,"position":{"pointX":960,"pointY":540},"width":1920,"sublayerTransform":[1,0,0,0,0,1,0,0,0,0,1,0,0,0,0,1],"contentsRect":{"y":0,"x":0,"width":1,"height":1},"opacity":1,"edgeAntialiasingMask":251658240,"height":1080,"hidden":false,"anchorPoint":{"pointX":0.5,"pointY":0.5}},"layers":[{"animations":[],"initialState":{"affineTransform":[1,0,0,1,0,0],"masksToBounds":false,"rotation":0,"scale":1,"position":{"pointX":960.0000152587891,"pointY":540.3337707519531},"width":360.7855529785156,"sublayerTransform":[1,0,0,0,0,1,0,0,0,0,1,0,0,0,0,1],"contentsRect":{"y":0,"x":0,"width":1,"height":1},"opacity":1,"edgeAntialiasingMask":251658240,"height":532.8732299804688,"hidden":false,"anchorPoint":{"pointX":0.5,"pointY":0.5}},"objectID":"99E49722-A358-4DDF-BF89-F50EBC3A77A5","layers":[{"animations":[],"layers":[],"texturedRectangle":{"isBackgroundTexture":true,"singleTextureOpacity":1,"textureType":5,"textBaseline":0,"textXHeight":0,"isVerticalText":false},"initialState":{"affineTransform":[1,0,0,1,0,0],"masksToBounds":false,"rotation":0,"scale":1,"position":{"pointX":180.3927612304688,"pointY":266.6028442382812},"width":364,"sublayerTransform":[1,0,0,0,0,1,0,0,0,0,1,0,0,0,0,1],"contentsRect":{"y":0,"x":0,"width":1,"height":1},"opacity":1,"edgeAntialiasingMask":0,"height":535,"hidden":false,"anchorPoint":{"pointX":0.5,"pointY":0.5}},"texture":"255BD4D13B4B1B262E229E53946186DC"}]}]},{"animations":[],"initialState":{"affineTransform":[1,0,0,1,0,0],"masksToBounds":false,"rotation":0,"scale":1,"position":{"pointX":960,"pointY":540},"width":1920,"sublayerTransform":[1,0,0,0,0,1,0,0,0,0,1,0,0,0,0,1],"contentsRect":{"y":0,"x":0,"width":1,"height":1},"opacity":1,"edgeAntialiasingMask":251658240,"height":1080,"hidden":false,"anchorPoint":{"pointX":0.5,"pointY":0.5}},"layers":[{"animations":[],"initialState":{"affineTransform":[1,0,0,1,0,0],"masksToBounds":false,"rotation":0,"scale":1,"position":{"pointX":960.0000143051147,"pointY":387.7173299789429},"width":208.522367477417,"sublayerTransform":[1,0,0,0,0,1,0,0,0,0,1,0,0,0,0,1],"contentsRect":{"y":0,"x":0,"width":1,"height":1},"opacity":1,"edgeAntialiasingMask":251658240,"height":208.522367477417,"hidden":false,"anchorPoint":{"pointX":0.5,"pointY":0.5}},"objectID":"5F77C529-5C62-48DB-9420-FAA45C8257A3","layers":[{"animations":[],"layers":[],"texturedRectangle":{"singleTextureOpacity":1,"textXHeight":0,"shapePath":{"lineWidth":1,"flatness":0.6,"lineCapStyle":0,"elements":[{"type":"MoveToPoint","points":[[179.7238043224534,31.99353996160426]]},{"type":"AddCurve","points":[[220.4403292842799,72.71006492343076],[220.4403292842799,138.724595034455],[179.7238043224534,179.4411199962815]]},{"type":"AddCurve","points":[[139.0072793606269,220.157644958108],[72.99274924960264,220.157644958108],[32.27622428777613,179.4411199962815]]},{"type":"AddCurve","points":[[-8.440300674050377,138.724595034455],[-8.440300674050377,72.71006492343076],[32.27622428777613,31.99353996160426]]},{"type":"AddCurve","points":[[72.99274924960264,-8.722985000222252],[139.0072793606269,-8.722985000222252],[179.7238043224534,31.99353996160426]]},{"type":"CloseSubpath"},{"type":"MoveToPoint","points":[[179.7238043224534,31.99353996160426]]}],"windingRule":0,"lineJoinStyle":0,"miterLimit":10},"isBackgroundTexture":true,"textBaseline":0,"isVerticalText":false,"textureType":5},"initialState":{"affineTransform":[1,0,0,1,0,0],"masksToBounds":false,"rotation":0,"scale":1,"position":{"pointX":104.2611694335938,"pointY":104.0438537597656},"width":212,"sublayerTransform":[1,0,0,0,0,1,0,0,0,0,1,0,0,0,0,1],"contentsRect":{"y":0,"x":0,"width":1,"height":1},"opacity":1,"edgeAntialiasingMask":0,"height":211,"hidden":true,"anchorPoint":{"pointX":0.5,"pointY":0.5}},"texture":"5DA4B67B297C5D67C140E59FAA2B2FA7"}]}]},{"animations":[],"initialState":{"affineTransform":[1,0,0,1,0,0],"masksToBounds":false,"rotation":0,"scale":1,"position":{"pointX":960,"pointY":540},"width":1920,"sublayerTransform":[1,0,0,0,0,1,0,0,0,0,1,0,0,0,0,1],"contentsRect":{"y":0,"x":0,"width":1,"height":1},"opacity":1,"edgeAntialiasingMask":251658240,"height":1080,"hidden":false,"anchorPoint":{"pointX":0.5,"pointY":0.5}},"layers":[{"animations":[],"initialState":{"affineTransform":[1,0,0,1,0,0],"masksToBounds":false,"rotation":0,"scale":1,"position":{"pointX":1430.392776489258,"pointY":679.3892517089844},"width":360.7855529785156,"sublayerTransform":[1,0,0,0,0,1,0,0,0,0,1,0,0,0,0,1],"contentsRect":{"y":0,"x":0,"width":1,"height":1},"opacity":1,"edgeAntialiasingMask":251658240,"height":254.7622680664062,"hidden":false,"anchorPoint":{"pointX":0.5,"pointY":0.5}},"objectID":"F560C0D1-5955-42A3-A07F-D1E05DDDDF2C","layers":[{"animations":[],"layers":[],"texturedRectangle":{"isBackgroundTexture":true,"singleTextureOpacity":1,"textureType":5,"textBaseline":0,"textXHeight":0,"isVerticalText":false},"initialState":{"affineTransform":[1,0,0,1,0,0],"masksToBounds":false,"rotation":0,"scale":1,"position":{"pointX":180.3927764892578,"pointY":127.3811340332031},"width":363,"sublayerTransform":[1,0,0,0,0,1,0,0,0,0,1,0,0,0,0,1],"contentsRect":{"y":0,"x":0,"width":1,"height":1},"opacity":1,"edgeAntialiasingMask":0,"height":257,"hidden":false,"anchorPoint":{"pointX":0.4997046184277075,"pointY":0.4995690727976046}},"texture":"2594D321D595D8B60CA604617E02E49D"}]}]},{"animations":[],"initialState":{"affineTransform":[1,0,0,1,0,0],"masksToBounds":false,"rotation":0,"scale":1,"position":{"pointX":960,"pointY":540},"width":1920,"sublayerTransform":[1,0,0,0,0,1,0,0,0,0,1,0,0,0,0,1],"contentsRect":{"y":0,"x":0,"width":1,"height":1},"opacity":1,"edgeAntialiasingMask":251658240,"height":1080,"hidden":false,"anchorPoint":{"pointX":0.5,"pointY":0.5}},"layers":[{"animations":[],"initialState":{"affineTransform":[1,0,0,1,0,0],"masksToBounds":false,"rotation":0,"scale":1,"position":{"pointX":965.3055823769673,"pointY":407.277660918785},"width":280.1362979488457,"sublayerTransform":[1,0,0,0,0,1,0,0,0,0,1,0,0,0,0,1],"contentsRect":{"y":0,"x":0,"width":1,"height":1},"opacity":1,"edgeAntialiasingMask":251658240,"height":120.2066474836161,"hidden":false,"anchorPoint":{"pointX":0.5,"pointY":0.5}},"objectID":"993F33DC-C98A-475F-93CC-28BC010987B3","layers":[{"animations":[],"layers":[],"texturedRectangle":{"singleTextureOpacity":1,"textXHeight":0,"shapePath":{"lineWidth":1,"flatness":0.6,"lineCapStyle":0,"elements":[{"type":"MoveToPoint","points":[[1.66058349609375,30.99547386169434]]},{"type":"AddCurve","points":[[16.69371891021729,7.112622261047363],[44.42330551147461,-4.111208915710449],[69.92677307128906,4.611036539077759]]},{"type":"AddCurve","points":[[116.717414855957,20.61354637145996],[131.1096649169922,91.20072937011719],[174.0364685058594,113.0917053222656]]},{"type":"AddCurve","points":[[219.9654846191406,136.5137023925781],[274.7797241210938,104.5921249389648],[280.8770141601562,51.64562225341797]]}],"windingRule":0,"lineJoinStyle":0,"miterLimit":10},"isBackgroundTexture":true,"textBaseline":0,"isVerticalText":false,"textureType":5},"initialState":{"affineTransform":[1,0,0,1,0,0],"masksToBounds":false,"rotation":0,"scale":1,"position":{"pointX":140.2625665974555,"pointY":60.32566282302298},"width":283,"sublayerTransform":[1,0,0,0,0,1,0,0,0,0,1,0,0,0,0,1],"contentsRect":{"y":0,"x":0,"width":1,"height":1},"opacity":1,"edgeAntialiasingMask":0,"height":123,"hidden":true,"anchorPoint":{"pointX":0.5,"pointY":0.5}},"texture":"7467E75221897D29B7DFD071274313BF"}]}]},{"animations":[],"initialState":{"affineTransform":[1,0,0,1,0,0],"masksToBounds":false,"rotation":0,"scale":1,"position":{"pointX":960,"pointY":540},"width":1920,"sublayerTransform":[1,0,0,0,0,1,0,0,0,0,1,0,0,0,0,1],"contentsRect":{"y":0,"x":0,"width":1,"height":1},"opacity":1,"edgeAntialiasingMask":251658240,"height":1080,"hidden":false,"anchorPoint":{"pointX":0.5,"pointY":0.5}},"layers":[{"animations":[],"initialState":{"affineTransform":[1,0,0,1,0,0],"masksToBounds":false,"rotation":0,"scale":1,"position":{"pointX":963.4787490849781,"pointY":392.2262261932365},"width":274.9278275414318,"sublayerTransform":[1,0,0,0,0,1,0,0,0,0,1,0,0,0,0,1],"contentsRect":{"y":0,"x":0,"width":1,"height":1},"opacity":1,"edgeAntialiasingMask":251658240,"height":150.6850744071601,"hidden":false,"anchorPoint":{"pointX":0.5,"pointY":0.5}},"objectID":"EC9416EF-268F-43EA-86CB-9299CEB53EE9","layers":[{"animations":[],"layers":[],"texturedRectangle":{"singleTextureOpacity":1,"textXHeight":0,"shapePath":{"lineWidth":1,"flatness":0.6,"lineCapStyle":0,"elements":[{"type":"MoveToPoint","points":[[1.493896484375,35.45407867431641]]},{"type":"AddCurve","points":[[7.630919933319092,14.92035865783691],[27.05141067504883,1.237159967422485],[48.44773864746094,2.459398828446865]]},{"type":"AddCurve","points":[[111.9540786743164,6.087120771408081],[105.9060592651367,94.21124267578125],[147.1050720214844,132.5331573486328]]},{"type":"AddCurve","points":[[163.1805725097656,147.4860382080078],[184.4586029052734,153.8095855712891],[205.2463073730469,151.6574249267578]]},{"type":"AddCurve","points":[[240.2146301269531,148.0371704101562],[269.8200073242188,121.7643280029297],[275.4483642578125,84.81370544433594]]}],"windingRule":0,"lineJoinStyle":0,"miterLimit":10},"isBackgroundTexture":true,"textBaseline":0,"isVerticalText":false,"textureType":5},"initialState":{"affineTransform":[1,0,0,1,0,0],"masksToBounds":false,"rotation":0,"scale":1,"position":{"pointX":137.4851646857379,"pointY":75.11631101034357},"width":277,"sublayerTransform":[1,0,0,0,0,1,0,0,0,0,1,0,0,0,0,1],"contentsRect":{"y":0,"x":0,"width":1,"height":1},"opacity":1,"edgeAntialiasingMask":0,"height":154,"hidden":true,"anchorPoint":{"pointX":0.5,"pointY":0.5}},"texture":"929BE5E0DEFB950DE48BB798E39A3BD6"}]}]},{"animations":[],"initialState":{"affineTransform":[1,0,0,1,0,0],"masksToBounds":false,"rotation":0,"scale":1,"position":{"pointX":960,"pointY":540},"width":1920,"sublayerTransform":[1,0,0,0,0,1,0,0,0,0,1,0,0,0,0,1],"contentsRect":{"y":0,"x":0,"width":1,"height":1},"opacity":1,"edgeAntialiasingMask":251658240,"height":1080,"hidden":false,"anchorPoint":{"pointX":0.5,"pointY":0.5}},"layers":[{"animations":[],"initialState":{"affineTransform":[1,0,0,1,0,0],"masksToBounds":false,"rotation":0,"scale":1,"position":{"pointX":961.1782472382836,"pointY":384.3252266467844},"width":279.7498596980173,"sublayerTransform":[1,0,0,0,0,1,0,0,0,0,1,0,0,0,0,1],"contentsRect":{"y":0,"x":0,"width":1,"height":1},"opacity":1,"edgeAntialiasingMask":251658240,"height":125.1414275181136,"hidden":false,"anchorPoint":{"pointX":0.5,"pointY":0.5}},"objectID":"84AC8C2F-1C59-4AAB-8AEC-049EBC514902","layers":[{"animations":[],"layers":[],"texturedRectangle":{"singleTextureOpacity":1,"textXHeight":0,"shapePath":{"lineWidth":1,"flatness":0.6,"lineCapStyle":0,"elements":[{"type":"MoveToPoint","points":[[1.7996826171875,49.65599060058594]]},{"type":"AddCurve","points":[[5.276025533676147,20.98279571533203],[30.35832214355469,0.1856522560119629],[58.88016510009766,2.418636858463287]]},{"type":"AddCurve","points":[[121.3478088378906,7.309249401092529],[127.2634582519531,96.00365447998047],[179.6424255371094,119.893310546875]]},{"type":"AddCurve","points":[[225.2842712402344,140.7102203369141],[277.5968017578125,109.1688766479492],[280.5540466308594,59.09115219116211]]}],"windingRule":0,"lineJoinStyle":0,"miterLimit":10},"isBackgroundTexture":true,"textBaseline":0,"isVerticalText":false,"textureType":5},"initialState":{"affineTransform":[1,0,0,1,0,0],"masksToBounds":false,"rotation":0,"scale":1,"position":{"pointX":140.1966826107251,"pointY":62.24548711227237},"width":283,"sublayerTransform":[1,0,0,0,0,1,0,0,0,0,1,0,0,0,0,1],"contentsRect":{"y":0,"x":0,"width":1,"height":1},"opacity":1,"edgeAntialiasingMask":0,"height":128,"hidden":true,"anchorPoint":{"pointX":0.5,"pointY":0.5}},"texture":"756215991CBE568F2DC1BEA92A8E3E5E"}]}]},{"animations":[],"initialState":{"affineTransform":[1,0,0,1,0,0],"masksToBounds":false,"rotation":0,"scale":1,"position":{"pointX":960,"pointY":540},"width":1920,"sublayerTransform":[1,0,0,0,0,1,0,0,0,0,1,0,0,0,0,1],"contentsRect":{"y":0,"x":0,"width":1,"height":1},"opacity":1,"edgeAntialiasingMask":251658240,"height":1080,"hidden":false,"anchorPoint":{"pointX":0.5,"pointY":0.5}},"layers":[{"animations":[],"initialState":{"affineTransform":[1,0,0,1,0,0],"masksToBounds":false,"rotation":0,"scale":1,"position":{"pointX":959.9999694824219,"pointY":396.3562469482422},"width":279.6675415039062,"sublayerTransform":[1,0,0,0,0,1,0,0,0,0,1,0,0,0,0,1],"contentsRect":{"y":0,"x":0,"width":1,"height":1},"opacity":1,"edgeAntialiasingMask":251658240,"height":133.4139709472656,"hidden":false,"anchorPoint":{"pointX":0.5,"pointY":0.5}},"objectID":"6B6E6361-950F-45CD-BB27-B2D06E8BDBB8","layers":[{"animations":[],"layers":[],"texturedRectangle":{"isBackgroundTexture":true,"singleTextureOpacity":1,"textureType":5,"textBaseline":0,"textXHeight":0,"isVerticalText":false},"initialState":{"affineTransform":[1,0,0,1,0,0],"masksToBounds":false,"rotation":0,"scale":1,"position":{"pointX":139.8338012695312,"pointY":66.85073852539062},"width":282,"sublayerTransform":[1,0,0,0,0,1,0,0,0,0,1,0,0,0,0,1],"contentsRect":{"y":0,"x":0,"width":1,"height":1},"opacity":1,"edgeAntialiasingMask":0,"height":137,"hidden":true,"anchorPoint":{"pointX":0.5,"pointY":0.5}},"texture":"8F4C6266DB43DED6E68B2936CB7B4BEA"}]}]},{"animations":[],"initialState":{"affineTransform":[1,0,0,1,0,0],"masksToBounds":false,"rotation":0,"scale":1,"position":{"pointX":960,"pointY":540},"width":1920,"sublayerTransform":[1,0,0,0,0,1,0,0,0,0,1,0,0,0,0,1],"contentsRect":{"y":0,"x":0,"width":1,"height":1},"opacity":1,"edgeAntialiasingMask":251658240,"height":1080,"hidden":false,"anchorPoint":{"pointX":0.5,"pointY":0.5}},"layers":[{"animations":[],"initialState":{"affineTransform":[1,0,0,1,0,0],"masksToBounds":false,"rotation":0,"scale":1,"position":{"pointX":877.2184451222423,"pointY":412.2959032449944},"width":3,"sublayerTransform":[1,0,0,0,0,1,0,0,0,0,1,0,0,0,0,1],"contentsRect":{"y":0,"x":0,"width":1,"height":1},"opacity":1,"edgeAntialiasingMask":251658240,"height":168.7689915485826,"hidden":false,"anchorPoint":{"pointX":0.5,"pointY":0.5}},"objectID":"8DA82F3D-0625-4683-A19F-0FC20463376E","layers":[{"animations":[],"layers":[],"texturedRectangle":{"isBackgroundTexture":true,"singleTextureOpacity":1,"textureType":5,"textBaseline":0,"textXHeight":0,"isVerticalText":false},"initialState":{"affineTransform":[1,0,0,1,0,0],"masksToBounds":false,"rotation":0,"scale":1,"position":{"pointX":1.281554877757685,"pointY":84.08859252929688},"width":6,"sublayerTransform":[1,0,0,0,0,1,0,0,0,0,1,0,0,0,0,1],"contentsRect":{"y":0,"x":0,"width":1,"height":1},"opacity":1,"edgeAntialiasingMask":0,"height":172,"hidden":true,"anchorPoint":{"pointX":0.5,"pointY":0.5}},"texture":"6003BE25012E12496F5C7D8E9D304B23"}]}]},{"animations":[],"initialState":{"affineTransform":[1,0,0,1,0,0],"masksToBounds":false,"rotation":0,"scale":1,"position":{"pointX":960,"pointY":540},"width":1920,"sublayerTransform":[1,0,0,0,0,1,0,0,0,0,1,0,0,0,0,1],"contentsRect":{"y":0,"x":0,"width":1,"height":1},"opacity":1,"edgeAntialiasingMask":251658240,"height":1080,"hidden":false,"anchorPoint":{"pointX":0.5,"pointY":0.5}},"layers":[{"animations":[],"initialState":{"affineTransform":[1,0,0,1,0,0],"masksToBounds":false,"rotation":0,"scale":1,"position":{"pointX":876.2184495925903,"pointY":332.0966844558716},"width":16.46290016174316,"sublayerTransform":[1,0,0,0,0,1,0,0,0,0,1,0,0,0,0,1],"contentsRect":{"y":0,"x":0,"width":1,"height":1},"opacity":1,"edgeAntialiasingMask":251658240,"height":16.46290016174316,"hidden":false,"anchorPoint":{"pointX":0.5,"pointY":0.5}},"objectID":"77545697-D8C2-43BB-A862-3EFC78A764EE","layers":[{"animations":[],"layers":[],"texturedRectangle":{"isBackgroundTexture":true,"singleTextureOpacity":1,"textureType":5,"textBaseline":0,"textXHeight":0,"isVerticalText":false},"initialState":{"affineTransform":[1,0,0,1,0,0],"masksToBounds":false,"rotation":0,"scale":1,"position":{"pointX":8.01300048828125,"pointY":8.134765625},"width":20,"sublayerTransform":[1,0,0,0,0,1,0,0,0,0,1,0,0,0,0,1],"contentsRect":{"y":0,"x":0,"width":1,"height":1},"opacity":1,"edgeAntialiasingMask":0,"height":20,"hidden":true,"anchorPoint":{"pointX":0.5,"pointY":0.5}},"texture":"EF7FAFEAAEFF9E3C955689FF02D1E025"}]}]},{"animations":[],"initialState":{"affineTransform":[1,0,0,1,0,0],"masksToBounds":false,"rotation":0,"scale":1,"position":{"pointX":960,"pointY":540},"width":1920,"sublayerTransform":[1,0,0,0,0,1,0,0,0,0,1,0,0,0,0,1],"contentsRect":{"y":0,"x":0,"width":1,"height":1},"opacity":1,"edgeAntialiasingMask":251658240,"height":1080,"hidden":false,"anchorPoint":{"pointX":0.5,"pointY":0.5}},"layers":[{"animations":[],"initialState":{"affineTransform":[1,0,0,1,0,0],"masksToBounds":false,"rotation":0,"scale":1,"position":{"pointX":965.3055696338415,"pointY":857.1546296924353},"width":9.227960556745529,"sublayerTransform":[1,0,0,0,0,1,0,0,0,0,1,0,0,0,0,1],"contentsRect":{"y":0,"x":0,"width":1,"height":1},"opacity":1,"edgeAntialiasingMask":251658240,"height":9.227960556745529,"hidden":false,"anchorPoint":{"pointX":0.5,"pointY":0.5}},"objectID":"872219A7-9139-47F9-A5D9-D3DB74A8DB1C","layers":[{"animations":[],"layers":[],"texturedRectangle":{"singleTextureOpacity":1,"textXHeight":0,"shapePath":{"lineWidth":1,"flatness":0.6,"lineCapStyle":0,"elements":[{"type":"MoveToPoint","points":[[9.568146376106142,2.892052950170637]]},{"type":"AddCurve","points":[[11.37001775758358,4.693924331648077],[11.37001775758358,7.615335053222452],[9.568146376106142,9.417206434699892]]},{"type":"AddCurve","points":[[7.766274994628702,11.21907781617733],[4.844864273054327,11.21907781617733],[3.042992891576887,9.417206434699892]]},{"type":"AddCurve","points":[[1.241121510099447,7.615335053222452],[1.241121510099447,4.693924331648077],[3.042992891576887,2.892052950170637]]},{"type":"AddCurve","points":[[4.844864273054327,1.090181568693197],[7.766274994628702,1.090181568693197],[9.568146376106142,2.892052950170637]]},{"type":"CloseSubpath"},{"type":"MoveToPoint","points":[[9.568146376106142,2.892052950170637]]}],"windingRule":0,"lineJoinStyle":0,"miterLimit":10},"isBackgroundTexture":true,"textBaseline":0,"isVerticalText":false,"textureType":5},"initialState":{"affineTransform":[1,0,0,1,0,0],"masksToBounds":false,"rotation":0,"scale":1,"position":{"pointX":4.30841064453125,"pointY":4.4593505859375},"width":12,"sublayerTransform":[1,0,0,0,0,1,0,0,0,0,1,0,0,0,0,1],"contentsRect":{"y":0,"x":0,"width":1,"height":1},"opacity":1,"edgeAntialiasingMask":0,"height":12,"hidden":false,"anchorPoint":{"pointX":0.5,"pointY":0.5}},"texture":"593BDF85414FD1E5F0B20FF701CEC3C5"}]}]},{"animations":[],"initialState":{"affineTransform":[1,0,0,1,0,0],"masksToBounds":false,"rotation":0,"scale":1,"position":{"pointX":960,"pointY":540},"width":1920,"sublayerTransform":[1,0,0,0,0,1,0,0,0,0,1,0,0,0,0,1],"contentsRect":{"y":0,"x":0,"width":1,"height":1},"opacity":1,"edgeAntialiasingMask":251658240,"height":1080,"hidden":false,"anchorPoint":{"pointX":0.5,"pointY":0.5}},"layers":[{"animations":[],"initialState":{"affineTransform":[1,0,0,1,0,0],"masksToBounds":false,"rotation":0,"scale":1,"position":{"pointX":965.3055696338415,"pointY":857.1546296924353},"width":9.227960556745529,"sublayerTransform":[1,0,0,0,0,1,0,0,0,0,1,0,0,0,0,1],"contentsRect":{"y":0,"x":0,"width":1,"height":1},"opacity":1,"edgeAntialiasingMask":251658240,"height":9.227960556745529,"hidden":false,"anchorPoint":{"pointX":0.5,"pointY":0.5}},"objectID":"DE77DBDA-950D-4A20-A519-757723F879C5","layers":[{"animations":[],"layers":[],"texturedRectangle":{"singleTextureOpacity":1,"textXHeight":0,"shapePath":{"lineWidth":1,"flatness":0.6,"lineCapStyle":0,"elements":[{"type":"MoveToPoint","points":[[9.568146376106142,2.892052950170637]]},{"type":"AddCurve","points":[[11.37001775758358,4.693924331648077],[11.37001775758358,7.615335053222452],[9.568146376106142,9.417206434699892]]},{"type":"AddCurve","points":[[7.766274994628702,11.21907781617733],[4.844864273054327,11.21907781617733],[3.042992891576887,9.417206434699892]]},{"type":"AddCurve","points":[[1.241121510099447,7.615335053222452],[1.241121510099447,4.693924331648077],[3.042992891576887,2.892052950170637]]},{"type":"AddCurve","points":[[4.844864273054327,1.090181568693197],[7.766274994628702,1.090181568693197],[9.568146376106142,2.892052950170637]]},{"type":"CloseSubpath"},{"type":"MoveToPoint","points":[[9.568146376106142,2.892052950170637]]}],"windingRule":0,"lineJoinStyle":0,"miterLimit":10},"isBackgroundTexture":true,"textBaseline":0,"isVerticalText":false,"textureType":5},"initialState":{"affineTransform":[1,0,0,1,0,0],"masksToBounds":false,"rotation":0,"scale":1,"position":{"pointX":4.30841064453125,"pointY":4.4593505859375},"width":12,"sublayerTransform":[1,0,0,0,0,1,0,0,0,0,1,0,0,0,0,1],"contentsRect":{"y":0,"x":0,"width":1,"height":1},"opacity":1,"edgeAntialiasingMask":0,"height":12,"hidden":false,"anchorPoint":{"pointX":0.5,"pointY":0.5}},"texture":"AFB0DD6DFD8B6DE87057931817E6D485"}]}]},{"animations":[],"initialState":{"affineTransform":[1,0,0,1,0,0],"masksToBounds":false,"rotation":0,"scale":1,"position":{"pointX":960,"pointY":540},"width":1920,"sublayerTransform":[1,0,0,0,0,1,0,0,0,0,1,0,0,0,0,1],"contentsRect":{"y":0,"x":0,"width":1,"height":1},"opacity":1,"edgeAntialiasingMask":251658240,"height":1080,"hidden":false,"anchorPoint":{"pointX":0.5,"pointY":0.5}},"layers":[{"animations":[],"initialState":{"affineTransform":[1,0,0,1,0,0],"masksToBounds":false,"rotation":0,"scale":1,"position":{"pointX":984.4869661182165,"pointY":857.1546296924353},"width":9.227960556745529,"sublayerTransform":[1,0,0,0,0,1,0,0,0,0,1,0,0,0,0,1],"contentsRect":{"y":0,"x":0,"width":1,"height":1},"opacity":1,"edgeAntialiasingMask":251658240,"height":9.227960556745529,"hidden":false,"anchorPoint":{"pointX":0.5,"pointY":0.5}},"objectID":"6670CE13-6710-4FED-9F2D-D6881E826D80","layers":[{"animations":[],"layers":[],"texturedRectangle":{"singleTextureOpacity":1,"textXHeight":0,"shapePath":{"lineWidth":1,"flatness":0.6,"lineCapStyle":0,"elements":[{"type":"MoveToPoint","points":[[9.749542860481142,2.892052950170637]]},{"type":"AddCurve","points":[[11.55141424195858,4.693924331648077],[11.55141424195858,7.615335053222452],[9.749542860481142,9.417206434699892]]},{"type":"AddCurve","points":[[7.947671479003702,11.21907781617733],[5.026260757429327,11.21907781617733],[3.224389375951887,9.417206434699892]]},{"type":"AddCurve","points":[[1.422517994474447,7.615335053222452],[1.422517994474447,4.693924331648077],[3.224389375951887,2.892052950170637]]},{"type":"AddCurve","points":[[5.026260757429327,1.090181568693197],[7.947671479003702,1.090181568693197],[9.749542860481142,2.892052950170637]]},{"type":"CloseSubpath"},{"type":"MoveToPoint","points":[[9.749542860481142,2.892052950170637]]}],"windingRule":0,"lineJoinStyle":0,"miterLimit":10},"isBackgroundTexture":true,"textBaseline":0,"isVerticalText":false,"textureType":5},"initialState":{"affineTransform":[1,0,0,1,0,0],"masksToBounds":false,"rotation":0,"scale":1,"position":{"pointX":4.62701416015625,"pointY":4.4593505859375},"width":13,"sublayerTransform":[1,0,0,0,0,1,0,0,0,0,1,0,0,0,0,1],"contentsRect":{"y":0,"x":0,"width":1,"height":1},"opacity":1,"edgeAntialiasingMask":0,"height":12,"hidden":true,"anchorPoint":{"pointX":0.5,"pointY":0.5}},"texture":"D8F6F8EC51E4873C499A78B2ED982C3B"}]}]},{"animations":[],"initialState":{"affineTransform":[1,0,0,1,0,0],"masksToBounds":false,"rotation":0,"scale":1,"position":{"pointX":960,"pointY":540},"width":1920,"sublayerTransform":[1,0,0,0,0,1,0,0,0,0,1,0,0,0,0,1],"contentsRect":{"y":0,"x":0,"width":1,"height":1},"opacity":1,"edgeAntialiasingMask":251658240,"height":1080,"hidden":false,"anchorPoint":{"pointX":0.5,"pointY":0.5}},"layers":[{"animations":[],"initialState":{"affineTransform":[1,0,0,1,0,0],"masksToBounds":false,"rotation":0,"scale":1,"position":{"pointX":936.1727485656738,"pointY":540.3332824707031},"width":1992.583862304688,"sublayerTransform":[1,0,0,0,0,1,0,0,0,0,1,0,0,0,0,1],"contentsRect":{"y":0,"x":0,"width":1,"height":1},"opacity":1,"edgeAntialiasingMask":251658240,"height":1549.888427734375,"hidden":false,"anchorPoint":{"pointX":0.5,"pointY":0.5}},"objectID":"170C0E79-69C6-41EF-AACC-FC797D3EE858","layers":[{"animations":[],"layers":[],"texturedRectangle":{"isBackgroundTexture":true,"singleTextureOpacity":1,"textureType":5,"textBaseline":0,"textXHeight":0,"isVerticalText":false},"initialState":{"affineTransform":[1,0,0,1,0,0],"masksToBounds":false,"rotation":0,"scale":1,"position":{"pointX":996.1191825866699,"pointY":775.1109313964844},"width":1996,"sublayerTransform":[1,0,0,0,0,1,0,0,0,0,1,0,0,0,0,1],"contentsRect":{"y":0,"x":0,"width":1,"height":1},"opacity":1,"edgeAntialiasingMask":0,"height":1553,"hidden":false,"anchorPoint":{"pointX":0.5,"pointY":0.5}},"texture":"F508368D6478B18C7AA9926F86EDD5A2"}]}]}]}},{"effects":[{"beginTime":0.2000000029802322,"baseLayer":{"animations":[],"initialState":{"affineTransform":[1,0,0,1,0,0],"masksToBounds":false,"rotation":0,"scale":1,"position":{"pointX":960,"pointY":540},"width":1920,"sublayerTransform":[1,0,0,0,0,1,0,0,0,0,1,0,0,0,0,1],"contentsRect":{"y":0,"x":0,"width":1,"height":1},"opacity":1,"edgeAntialiasingMask":251658240,"height":1080,"hidden":false,"anchorPoint":{"pointX":0.5,"pointY":0.5}},"objectID":"0","layers":[{"animations":[],"initialState":{"affineTransform":[1,0,0,1,0,0],"masksToBounds":false,"rotation":0,"scale":1,"position":{"pointX":960,"pointY":540},"width":1920,"sublayerTransform":[1,0,0,0,0,1,0,0,0,0,1,-0.0003500791246677598,0,0,0,1],"contentsRect":{"y":0,"x":0,"width":1,"height":1},"opacity":1,"edgeAntialiasingMask":251658240,"height":1080,"hidden":false,"anchorPoint":{"pointX":0.5,"pointY":0.5}},"layers":[{"animations":[],"layers":[],"texturedRectangle":{"isBackgroundTexture":false,"singleTextureOpacity":1,"textureType":0,"textBaseline":0,"textXHeight":0,"isVerticalText":false},"initialState":{"affineTransform":[1,0,0,1,0,0],"masksToBounds":false,"rotation":0,"scale":1,"position":{"pointX":960,"pointY":540},"width":1920,"sublayerTransform":[1,0,0,0,0,1,0,0,0,0,1,0,0,0,0,1],"contentsRect":{"y":0,"x":0,"width":1,"height":1},"opacity":1,"edgeAntialiasingMask":0,"height":1080,"hidden":false,"anchorPoint":{"pointX":0.5,"pointY":0.5}},"texture":"D671213E0D6D912AE203D1E92BDB6E15"},{"animations":[{"timeOffset":0,"from":{"scalar":false},"beginTime":0,"repeatCount":0,"fillMode":"both","property":"hidden","autoreverses":false,"duration":0.01,"to":{"scalar":true}}],"layers":[],"texturedRectangle":{"isBackgroundTexture":false,"singleTextureOpacity":1,"textureType":0,"textBaseline":0,"textXHeight":0,"isVerticalText":false},"initialState":{"affineTransform":[1,0,0,1,0,0],"masksToBounds":false,"rotation":0,"scale":1,"position":{"pointX":960,"pointY":540},"width":1920,"sublayerTransform":[1,0,0,0,0,1,0,0,0,0,1,0,0,0,0,1],"contentsRect":{"y":0,"x":0,"width":1,"height":1},"opacity":1,"edgeAntialiasingMask":0,"height":1080,"hidden":false,"anchorPoint":{"pointX":0.5,"pointY":0.5}},"texture":"B0C050646140EF26802EA66DC875EBC1"}]}]},"effects":[],"duration":0.01,"type":"transition","name":"none","objectID":"0"}],"automaticPlay":true,"hyperlinks":[],"accessibility":[{"text":"pasted-image.pdf","targetRectangle":{"y":979.5711669921875,"x":625.4781646728516,"width":597.75,"height":87.88682846724987}},{"text":"pasted-image.pdf","targetRectangle":{"y":327.9114074707031,"x":875.7184451222423,"width":3,"height":168.7689915485826}},{"text":"pasted-image.pdf","targetRectangle":{"y":81.82647368311882,"x":652.4980662874877,"width":61.13253580033779,"height":896.1971978545189}},{"text":"pasted-image.pdf","targetRectangle":{"y":329.6492614746094,"x":820.1661987304688,"width":279.6675415039062,"height":133.4139709472656}},{"text":"pasted-image.pdf","targetRectangle":{"y":287.9541931152344,"x":843.6536254882812,"width":243.3038177490234,"height":201.3548889160156}},{"text":"GET STARTED","targetRectangle":{"y":932.6624755859375,"x":894.4629360454678,"width":132.9120002950431,"height":22}},{"text":"pasted-image.pdf","targetRectangle":{"y":273.8971557617188,"x":843.6536254882812,"width":243.3038177490234,"height":201.3548889160156}},{"text":"MAKE SENSE OF WHAT’S HAPPENING IN YOUR BODY","targetRectangle":{"y":556.0081176757812,"x":1270.562760893702,"width":321.8600007212162,"height":54}},{"text":"STAY ON TOP OF YOUR CHEMO REGIMEN","targetRectangle":{"y":556.0081176757812,"x":827.6809997124076,"width":274.3180006556511,"height":54}},{"text":"pasted-image.pdf","targetRectangle":{"y":300.1825866699219,"x":843.6536254882812,"width":243.3038177490234,"height":201.3548889160156}},{"text":"pasted-image.pdf","targetRectangle":{"y":323.865234375,"x":867.9869995117188,"width":16.46290016174316,"height":16.46290016174316}},{"text":"The more information you track,","targetRectangle":{"y":644.0322265625,"x":1300.252776489258,"width":260.2799999999997,"height":26.40000104904175}},{"text":"the more you’ll be able to see patterns in your cycle and predict how you’ll feel","targetRectangle":{"y":670.4322276115417,"x":1265.746776489258,"width":333.6119999999999,"height":52.8000020980835}},{"text":"Track and monitor your side effects wherever, whenever","targetRectangle":{"y":644.0322265625,"x":815.640015258789,"width":293.0399999999998,"height":52.8000020980835}}],"baseLayer":{"animations":[],"initialState":{"affineTransform":[1,0,0,1,0,0],"masksToBounds":false,"rotation":0,"scale":1,"position":{"pointX":960,"pointY":540},"width":1920,"sublayerTransform":[1,0,0,0,0,1,0,0,0,0,1,0,0,0,0,1],"contentsRect":{"y":0,"x":0,"width":1,"height":1},"opacity":1,"edgeAntialiasingMask":251658240,"height":1080,"hidden":false,"anchorPoint":{"pointX":0.5,"pointY":0.5}},"objectID":"0","layers":[{"animations":[],"initialState":{"affineTransform":[1,0,0,1,0,0],"masksToBounds":false,"rotation":0,"scale":1,"position":{"pointX":960,"pointY":540},"width":1920,"sublayerTransform":[1,0,0,0,0,1,0,0,0,0,1,-0.0003500791246677598,0,0,0,1],"contentsRect":{"y":0,"x":0,"width":1,"height":1},"opacity":1,"edgeAntialiasingMask":251658240,"height":1080,"hidden":false,"anchorPoint":{"pointX":0.5,"pointY":0.5}},"layers":[{"animations":[],"layers":[],"texturedRectangle":{"isBackgroundTexture":false,"singleTextureOpacity":1,"textureType":0,"textBaseline":0,"textXHeight":0,"isVerticalText":false},"initialState":{"affineTransform":[1,0,0,1,0,0],"masksToBounds":false,"rotation":0,"scale":1,"position":{"pointX":960,"pointY":540},"width":1920,"sublayerTransform":[1,0,0,0,0,1,0,0,0,0,1,0,0,0,0,1],"contentsRect":{"y":0,"x":0,"width":1,"height":1},"opacity":1,"edgeAntialiasingMask":0,"height":1080,"hidden":false,"anchorPoint":{"pointX":0.5,"pointY":0.5}},"texture":"B0C050646140EF26802EA66DC875EBC1"}]}]}}]}