{"assets":{"DA9B92C4B34BE8A48BD01D10AD574F12":{"type":"texture","index":1,"assetRequest":{"type":"slide","state":"contents","slide":"none"},"url":{"native":"assets/04547B3D-DC01-4F10-BAAD-E4C32CEB64F9.pdf"},"width":1920,"height":1080},"3987B156805E8B08F311695B878FD5C8":{"type":"texture","index":0,"assetRequest":{"type":"slide","state":"contents","slide":"none"},"url":{"native":"assets/04547B3D-DC01-4F10-BAAD-E4C32CEB64F9.pdf"},"width":1920,"height":1080}},"events":[{"effects":[{"beginTime":0,"baseLayer":{"animations":[],"initialState":{"affineTransform":[1,0,0,1,0,0],"masksToBounds":false,"rotation":0,"scale":1,"position":{"pointX":960,"pointY":540},"width":1920,"sublayerTransform":[1,0,0,0,0,1,0,0,0,0,1,0,0,0,0,1],"contentsRect":{"y":0,"x":0,"width":1,"height":1},"opacity":1,"edgeAntialiasingMask":251658240,"height":1080,"hidden":false,"anchorPoint":{"pointX":0.5,"pointY":0.5}},"objectID":"0","layers":[{"animations":[],"initialState":{"affineTransform":[1,0,0,1,0,0],"masksToBounds":false,"rotation":0,"scale":1,"position":{"pointX":960,"pointY":540},"width":1920,"sublayerTransform":[1,0,0,0,0,1,0,0,0,0,1,-0.0003500791246677598,0,0,0,1],"contentsRect":{"y":0,"x":0,"width":1,"height":1},"opacity":1,"edgeAntialiasingMask":251658240,"height":1080,"hidden":false,"anchorPoint":{"pointX":0.5,"pointY":0.5}},"layers":[{"animations":[],"layers":[],"texturedRectangle":{"isBackgroundTexture":false,"singleTextureOpacity":1,"textureType":0,"textBaseline":0,"textXHeight":0,"isVerticalText":false},"initialState":{"affineTransform":[1,0,0,1,0,0],"masksToBounds":false,"rotation":0,"scale":1,"position":{"pointX":960,"pointY":540},"width":1920,"sublayerTransform":[1,0,0,0,0,1,0,0,0,0,1,0,0,0,0,1],"contentsRect":{"y":0,"x":0,"width":1,"height":1},"opacity":1,"edgeAntialiasingMask":0,"height":1080,"hidden":false,"anchorPoint":{"pointX":0.5,"pointY":0.5}},"texture":"DA9B92C4B34BE8A48BD01D10AD574F12"},{"animations":[{"timeOffset":0,"from":{"scalar":false},"beginTime":0,"repeatCount":0,"fillMode":"both","property":"hidden","autoreverses":false,"duration":0.01,"to":{"scalar":true}}],"layers":[],"texturedRectangle":{"isBackgroundTexture":false,"singleTextureOpacity":1,"textureType":0,"textBaseline":0,"textXHeight":0,"isVerticalText":false},"initialState":{"affineTransform":[1,0,0,1,0,0],"masksToBounds":false,"rotation":0,"scale":1,"position":{"pointX":960,"pointY":540},"width":1920,"sublayerTransform":[1,0,0,0,0,1,0,0,0,0,1,0,0,0,0,1],"contentsRect":{"y":0,"x":0,"width":1,"height":1},"opacity":1,"edgeAntialiasingMask":0,"height":1080,"hidden":false,"anchorPoint":{"pointX":0.5,"pointY":0.5}},"texture":"3987B156805E8B08F311695B878FD5C8"}]}]},"effects":[],"duration":0.01,"type":"transition","name":"none","objectID":"0"}],"automaticPlay":false,"hyperlinks":[],"accessibility":[{"text":"NAUSEA","targetRectangle":{"y":343.4744110107422,"x":741.7603759765625,"width":54.58600000000001,"height":17}},{"text":"4","targetRectangle":{"y":668.7800903320312,"x":1051.55586856842,"width":7.619999999999891,"height":14}},{"text":"NEUROPATHY","targetRectangle":{"y":512.7398223876953,"x":741.7603759765625,"width":88.24199999999996,"height":17}},{"text":"5","targetRectangle":{"y":368.5413513183594,"x":1147.823929115295,"width":7.307999999999993,"height":14}},{"text":"DONE","targetRectangle":{"y":932.3970336914062,"x":933.5949208805562,"width":54.64800010728823,"height":22}},{"text":"2","targetRectangle":{"y":230.8341064453125,"x":859.5179305801391,"width":7.248000000000047,"height":14}},{"text":"1","targetRectangle":{"y":799.7534790039062,"x":764.5279310684205,"width":5.003999999999905,"height":14}},{"text":"5","targetRectangle":{"y":537.8067626953125,"x":1147.823929115295,"width":7.307999999999993,"height":14}},{"text":"pasted-image.pdf","targetRectangle":{"y":979.5711669921875,"x":625.4781646728516,"width":597.75,"height":87.88682846724987}},{"text":"Death","targetRectangle":{"y":426.5980224609375,"x":1139.431397644043,"width":24.09299999999985,"height":10}},{"text":"2","targetRectangle":{"y":668.7800903320312,"x":859.5179305801391,"width":7.248000000000047,"height":14}},{"text":"3","targetRectangle":{"y":368.5413513183594,"x":954.0442738418579,"width":7.223999999999933,"height":14}},{"text":"–","targetRectangle":{"y":253.3056488037109,"x":1148.962397644043,"width":5.030999999999949,"height":10}},{"text":"3","targetRectangle":{"y":537.8067626953125,"x":954.0442738418579,"width":7.223999999999933,"height":14}},{"text":"FATIGUE","targetRectangle":{"y":205.7671661376953,"x":741.7603759765625,"width":53.81600000000003,"height":17}},{"text":"Inadequate oral caloric or fluid intake","targetRectangle":{"y":426.5980224609375,"x":925.8593034057617,"width":65.75400000000002,"height":30}},{"text":"4","targetRectangle":{"y":799.7534790039062,"x":1051.55586856842,"width":7.619999999999891,"height":14}},{"text":"5","targetRectangle":{"y":230.8341064453125,"x":1147.823929115295,"width":7.307999999999993,"height":14}},{"text":"LOSS OF APPETITE","targetRectangle":{"y":643.7131500244141,"x":741.7603759765625,"width":121.198,"height":17}},{"text":"1","targetRectangle":{"y":368.5413513183594,"x":764.5279310684205,"width":5.003999999999905,"height":14}},{"text":"Severely interferes","targetRectangle":{"y":253.3056488037109,"x":919.0103034057618,"width":77.29199999999992,"height":10}},{"text":" w/ ADL","targetRectangle":{"y":263.3056488037109,"x":941.7218034057618,"width":31.86899999999991,"height":10}},{"text":"1","targetRectangle":{"y":537.8067626953125,"x":764.5279310684205,"width":5.003999999999905,"height":14}},{"text":"5","targetRectangle":{"y":668.7800903320312,"x":1147.823929115295,"width":7.307999999999993,"height":14}},{"text":"Loss of appetite w/o changing eating habits","targetRectangle":{"y":426.5980224609375,"x":740.601472076416,"width":54.072,"height":40}},{"text":"2","targetRectangle":{"y":799.7534790039062,"x":859.5179305801391,"width":7.248000000000047,"height":14}},{"text":"3","targetRectangle":{"y":230.8341064453125,"x":954.0442738418579,"width":7.223999999999933,"height":14}},{"text":"Mid fatigue over baseline","targetRectangle":{"y":253.3056488037109,"x":739.885972076416,"width":54.28800000000001,"height":20}},{"text":"Side Effects","targetRectangle":{"y":119.9589920043945,"x":890.0295709228516,"width":164.2799999999999,"height":36}},{"text":"3","targetRectangle":{"y":668.7800903320312,"x":954.0442738418579,"width":7.223999999999933,"height":14}},{"text":"4","targetRectangle":{"y":368.5413513183594,"x":1051.55586856842,"width":7.619999999999891,"height":14}},{"text":"1","targetRectangle":{"y":230.8341064453125,"x":764.5279310684205,"width":5.003999999999905,"height":14}},{"text":"4","targetRectangle":{"y":537.8067626953125,"x":1051.55586856842,"width":7.619999999999891,"height":14}},{"text":"CONSTIPATION","targetRectangle":{"y":774.6865386962891,"x":741.7603759765625,"width":95.54999999999995,"height":17}},{"text":"Life-threatening consequences","targetRectangle":{"y":426.5980224609375,"x":1022.214398132324,"width":68.46299999999997,"height":20}},{"text":"1","targetRectangle":{"y":668.7800903320312,"x":764.5279310684205,"width":5.003999999999905,"height":14}},{"text":"5","targetRectangle":{"y":799.7534790039062,"x":1147.823929115295,"width":7.307999999999993,"height":14}},{"text":"2","targetRectangle":{"y":368.5413513183594,"x":859.5179305801391,"width":7.248000000000047,"height":14}},{"text":"Disabling","targetRectangle":{"y":253.3056488037109,"x":1036.519898132324,"width":37.69200000000001,"height":10}},{"text":"2","targetRectangle":{"y":537.8067626953125,"x":859.5179305801391,"width":7.248000000000047,"height":14}},{"text":"Oral intake decreased w/o significant weight loss, dehydration, or malnutrition","targetRectangle":{"y":426.5980224609375,"x":818.1914563293457,"width":92.06100000000004,"height":40}},{"text":"pasted-image.pdf","targetRectangle":{"y":81.82647368311882,"x":652.4980662874877,"width":61.13253580033779,"height":896.1971978545189}},{"text":"3","targetRectangle":{"y":799.7534790039062,"x":954.0442738418579,"width":7.223999999999933,"height":14}},{"text":"4","targetRectangle":{"y":230.8341064453125,"x":1051.55586856842,"width":7.619999999999891,"height":14}},{"text":"Some difficulty ","targetRectangle":{"y":253.3056488037109,"x":832.2719563293457,"width":63.89999999999998,"height":10}},{"text":"performing ADL","targetRectangle":{"y":263.3056488037109,"x":830.8049563293457,"width":64.67399999999998,"height":10}}],"baseLayer":{"animations":[],"initialState":{"affineTransform":[1,0,0,1,0,0],"masksToBounds":false,"rotation":0,"scale":1,"position":{"pointX":960,"pointY":540},"width":1920,"sublayerTransform":[1,0,0,0,0,1,0,0,0,0,1,0,0,0,0,1],"contentsRect":{"y":0,"x":0,"width":1,"height":1},"opacity":1,"edgeAntialiasingMask":251658240,"height":1080,"hidden":false,"anchorPoint":{"pointX":0.5,"pointY":0.5}},"objectID":"0","layers":[{"animations":[],"initialState":{"affineTransform":[1,0,0,1,0,0],"masksToBounds":false,"rotation":0,"scale":1,"position":{"pointX":960,"pointY":540},"width":1920,"sublayerTransform":[1,0,0,0,0,1,0,0,0,0,1,-0.0003500791246677598,0,0,0,1],"contentsRect":{"y":0,"x":0,"width":1,"height":1},"opacity":1,"edgeAntialiasingMask":251658240,"height":1080,"hidden":false,"anchorPoint":{"pointX":0.5,"pointY":0.5}},"layers":[{"animations":[],"layers":[],"texturedRectangle":{"isBackgroundTexture":false,"singleTextureOpacity":1,"textureType":0,"textBaseline":0,"textXHeight":0,"isVerticalText":false},"initialState":{"affineTransform":[1,0,0,1,0,0],"masksToBounds":false,"rotation":0,"scale":1,"position":{"pointX":960,"pointY":540},"width":1920,"sublayerTransform":[1,0,0,0,0,1,0,0,0,0,1,0,0,0,0,1],"contentsRect":{"y":0,"x":0,"width":1,"height":1},"opacity":1,"edgeAntialiasingMask":0,"height":1080,"hidden":false,"anchorPoint":{"pointX":0.5,"pointY":0.5}},"texture":"3987B156805E8B08F311695B878FD5C8"}]}]}}]}