{"assets":{"894CA2DF3CDCF7AC8AE4C87E5572AA2D":{"type":"texture","index":1,"assetRequest":{"type":"slide","state":"contents","slide":"none"},"url":{"native":"assets/97CCBA77-BAF9-4A55-BADB-621D843F20EC.pdf"},"width":1920,"height":1080},"DA9B92C4B34BE8A48BD01D10AD574F12":{"type":"texture","index":0,"assetRequest":{"type":"slide","state":"contents","slide":"none"},"url":{"native":"assets/97CCBA77-BAF9-4A55-BADB-621D843F20EC.pdf"},"width":1920,"height":1080}},"events":[{"effects":[{"beginTime":0,"baseLayer":{"animations":[],"initialState":{"affineTransform":[1,0,0,1,0,0],"masksToBounds":false,"rotation":0,"scale":1,"position":{"pointX":960,"pointY":540},"width":1920,"sublayerTransform":[1,0,0,0,0,1,0,0,0,0,1,0,0,0,0,1],"contentsRect":{"y":0,"x":0,"width":1,"height":1},"opacity":1,"edgeAntialiasingMask":251658240,"height":1080,"hidden":false,"anchorPoint":{"pointX":0.5,"pointY":0.5}},"objectID":"0","layers":[{"animations":[],"initialState":{"affineTransform":[1,0,0,1,0,0],"masksToBounds":false,"rotation":0,"scale":1,"position":{"pointX":960,"pointY":540},"width":1920,"sublayerTransform":[1,0,0,0,0,1,0,0,0,0,1,-0.0003500791246677598,0,0,0,1],"contentsRect":{"y":0,"x":0,"width":1,"height":1},"opacity":1,"edgeAntialiasingMask":251658240,"height":1080,"hidden":false,"anchorPoint":{"pointX":0.5,"pointY":0.5}},"layers":[{"animations":[],"layers":[],"texturedRectangle":{"isBackgroundTexture":false,"singleTextureOpacity":1,"textureType":0,"textBaseline":0,"textXHeight":0,"isVerticalText":false},"initialState":{"affineTransform":[1,0,0,1,0,0],"masksToBounds":false,"rotation":0,"scale":1,"position":{"pointX":960,"pointY":540},"width":1920,"sublayerTransform":[1,0,0,0,0,1,0,0,0,0,1,0,0,0,0,1],"contentsRect":{"y":0,"x":0,"width":1,"height":1},"opacity":1,"edgeAntialiasingMask":0,"height":1080,"hidden":false,"anchorPoint":{"pointX":0.5,"pointY":0.5}},"texture":"894CA2DF3CDCF7AC8AE4C87E5572AA2D"},{"animations":[{"timeOffset":0,"from":{"scalar":false},"beginTime":0,"repeatCount":0,"fillMode":"both","property":"hidden","autoreverses":false,"duration":0.01,"to":{"scalar":true}}],"layers":[],"texturedRectangle":{"isBackgroundTexture":false,"singleTextureOpacity":1,"textureType":0,"textBaseline":0,"textXHeight":0,"isVerticalText":false},"initialState":{"affineTransform":[1,0,0,1,0,0],"masksToBounds":false,"rotation":0,"scale":1,"position":{"pointX":960,"pointY":540},"width":1920,"sublayerTransform":[1,0,0,0,0,1,0,0,0,0,1,0,0,0,0,1],"contentsRect":{"y":0,"x":0,"width":1,"height":1},"opacity":1,"edgeAntialiasingMask":0,"height":1080,"hidden":false,"anchorPoint":{"pointX":0.5,"pointY":0.5}},"texture":"DA9B92C4B34BE8A48BD01D10AD574F12"}]}]},"effects":[],"duration":0.01,"type":"transition","name":"none","objectID":"0"}],"automaticPlay":false,"hyperlinks":[],"accessibility":[{"text":"1","targetRectangle":{"y":430.1871650218964,"x":766.4157944023609,"width":15.83400000000006,"height":52}},{"text":"pasted-image.pdf","targetRectangle":{"y":252.8109288215637,"x":778.0451502799988,"width":11.61950016021729,"height":18.87129974365234}},{"text":"Optimizing for a Specific Date","targetRectangle":{"y":71.93267786502838,"x":474.6550102233887,"width":970.6900000000001,"height":85}},{"text":"Choose a Date…","targetRectangle":{"y":349.2430896759033,"x":870.6250343322754,"width":178.75,"height":30}},{"text":"Current forecasting for the entire week of the chosen date based on the original schedule","targetRectangle":{"y":231.4475402832031,"x":1359.172973632812,"width":447.048,"height":208}},{"text":"Optimize for Date","targetRectangle":{"y":879.3318481445312,"x":321.6745208740234,"width":195.95,"height":30}},{"text":"Update Regimen","targetRectangle":{"y":879.3318481445312,"x":866.6000152587891,"width":186.8000000000001,"height":30}},{"text":"The app will suggest an adjusted infusion schedule that positions the chosen date away from severe side effects with minimal disruption to the original schedule.","targetRectangle":{"y":479.7457580566406,"x":1359.173095703125,"width":448.056,"height":416}},{"text":"Options","targetRectangle":{"y":248.6763610839844,"x":518.7530975036622,"width":62.51400000000001,"height":22}},{"text":"1","targetRectangle":{"y":231.4475409984589,"x":1279.49849703908,"width":15.83400000000006,"height":52}},{"text":"2","targetRectangle":{"y":661.7457282543182,"x":762.824794113636,"width":23.01599999999996,"height":52}},{"text":"Suggestion","targetRectangle":{"y":581.0136108398438,"x":889.6805313110351,"width":128.1500000000001,"height":30}},{"text":"Data","targetRectangle":{"y":248.6763610839844,"x":397.9876007995605,"width":37.90800000000002,"height":22}},{"text":"Optimize for Date","targetRectangle":{"y":244.6763610839844,"x":859.681265258789,"width":195.9499999999999,"height":30}},{"text":"Overview","targetRectangle":{"y":248.6763610839844,"x":246.4421193542481,"width":74.86199999999997,"height":22}},{"text":"2","targetRectangle":{"y":480.4395453929901,"x":1275.907496750355,"width":23.01600000000008,"height":52}}],"baseLayer":{"animations":[],"initialState":{"affineTransform":[1,0,0,1,0,0],"masksToBounds":false,"rotation":0,"scale":1,"position":{"pointX":960,"pointY":540},"width":1920,"sublayerTransform":[1,0,0,0,0,1,0,0,0,0,1,0,0,0,0,1],"contentsRect":{"y":0,"x":0,"width":1,"height":1},"opacity":1,"edgeAntialiasingMask":251658240,"height":1080,"hidden":false,"anchorPoint":{"pointX":0.5,"pointY":0.5}},"objectID":"0","layers":[{"animations":[],"initialState":{"affineTransform":[1,0,0,1,0,0],"masksToBounds":false,"rotation":0,"scale":1,"position":{"pointX":960,"pointY":540},"width":1920,"sublayerTransform":[1,0,0,0,0,1,0,0,0,0,1,-0.0003500791246677598,0,0,0,1],"contentsRect":{"y":0,"x":0,"width":1,"height":1},"opacity":1,"edgeAntialiasingMask":251658240,"height":1080,"hidden":false,"anchorPoint":{"pointX":0.5,"pointY":0.5}},"layers":[{"animations":[],"layers":[],"texturedRectangle":{"isBackgroundTexture":false,"singleTextureOpacity":1,"textureType":0,"textBaseline":0,"textXHeight":0,"isVerticalText":false},"initialState":{"affineTransform":[1,0,0,1,0,0],"masksToBounds":false,"rotation":0,"scale":1,"position":{"pointX":960,"pointY":540},"width":1920,"sublayerTransform":[1,0,0,0,0,1,0,0,0,0,1,0,0,0,0,1],"contentsRect":{"y":0,"x":0,"width":1,"height":1},"opacity":1,"edgeAntialiasingMask":0,"height":1080,"hidden":false,"anchorPoint":{"pointX":0.5,"pointY":0.5}},"texture":"DA9B92C4B34BE8A48BD01D10AD574F12"}]}]}}]}